TeamName,Seed,Region,SeedNum,Round of 64,Round of 32,Sweet 16,Elite 8,Final Four,Championship,Champion,Season
Villanova,W01,W,1,1.0,0.9508,0.779,0.3869,0.1653,0.0863,0.0468,2017
Duke,W02,W,2,1.0,0.981,0.7888,0.5045,0.3406,0.227,0.1694,2017
Baylor,W03,W,3,1.0,0.9154,0.5357,0.2716,0.1239,0.0586,0.0336,2017
Florida,W04,W,4,1.0,0.8679,0.4198,0.2544,0.1107,0.065,0.0409,2017
Virginia,W05,W,5,1.0,0.862,0.5333,0.2853,0.1502,0.0897,0.0558,2017
SMU,W06,W,6,1.0,0.9072,0.4261,0.1459,0.0675,0.0276,0.013,2017
South Carolina,W07,W,7,1.0,0.3994,0.0604,0.0138,0.0054,0.0016,0.0004,2017
Wisconsin,W08,W,8,1.0,0.5308,0.122,0.0369,0.0101,0.003,0.0009,2017
Virginia Tech,W09,W,9,1.0,0.4692,0.0923,0.0267,0.0054,0.0014,0.0003,2017
Marquette,W10,W,10,1.0,0.6006,0.1484,0.061,0.0186,0.0069,0.0023,2017
USC,W11b,W,11,1.0,0.0928,0.0133,0.001,0.0001,0.0,0.0,2017
UNC Wilmington,W12,W,12,1.0,0.138,0.0337,0.0075,0.0016,0.0005,0.0002,2017
ETSU,W13,W,13,1.0,0.1321,0.0132,0.002,0.0001,0.0,0.0,2017
New Mexico St,W14,W,14,1.0,0.0846,0.0249,0.0021,0.0004,0.0,0.0,2017
Troy,W15,W,15,1.0,0.019,0.0024,0.0001,0.0001,0.0,0.0,2017
Mt St Mary's,W16a,W,16,1.0,0.0492,0.0067,0.0003,0.0,0.0,0.0,2017
Gonzaga,X01,X,1,1.0,0.9796,0.7721,0.555,0.3139,0.1503,0.1017,2017
Arizona,X02,X,2,1.0,0.9428,0.4662,0.3909,0.218,0.1095,0.0632,2017
Florida St,X03,X,3,1.0,0.5161,0.3679,0.0941,0.0413,0.009,0.0044,2017
West Virginia,X04,X,4,1.0,0.7669,0.4041,0.1116,0.0404,0.0111,0.0036,2017
Notre Dame,X05,X,5,1.0,0.659,0.4448,0.199,0.0952,0.0396,0.02,2017
Maryland,X06,X,6,1.0,0.5784,0.2231,0.0479,0.0121,0.0023,0.0007,2017
St Mary's CA,X07,X,7,1.0,0.8682,0.5104,0.3887,0.21,0.0947,0.0544,2017
Northwestern,X08,X,8,1.0,0.4085,0.0767,0.029,0.0087,0.0014,0.0002,2017
Vanderbilt,X09,X,9,1.0,0.5915,0.1498,0.0787,0.034,0.0101,0.0038,2017
VCU,X10,X,10,1.0,0.1318,0.0175,0.0048,0.0005,0.0002,0.0001,2017
Xavier,X11,X,11,1.0,0.4216,0.1816,0.0424,0.0108,0.0023,0.0005,2017
Princeton,X12,X,12,1.0,0.341,0.114,0.021,0.0051,0.0007,0.0004,2017
Bucknell,X13,X,13,1.0,0.2331,0.0371,0.0056,0.0008,0.0,0.0,2017
FGCU,X14,X,14,1.0,0.4839,0.2274,0.0301,0.009,0.0012,0.0003,2017
North Dakota,X15,X,15,1.0,0.0572,0.0059,0.0011,0.0002,0.0,0.0,2017
S Dakota St,X16,X,16,1.0,0.0204,0.0014,0.0001,0.0,0.0,0.0,2017
Kansas,Y01,Y,1,1.0,0.9671,0.6738,0.3995,0.2141,0.1265,0.048,2017
Louisville,Y02,Y,2,1.0,0.9479,0.558,0.3728,0.2275,0.1361,0.0619,2017
Oregon,Y03,Y,3,1.0,0.8984,0.6377,0.2865,0.1509,0.0689,0.0247,2017
Purdue,Y04,Y,4,1.0,0.8409,0.524,0.2745,0.1344,0.0623,0.0221,2017
Iowa St,Y05,Y,5,1.0,0.715,0.3337,0.1563,0.0654,0.0372,0.0162,2017
Creighton,Y06,Y,6,1.0,0.6063,0.2353,0.0693,0.0235,0.0113,0.0034,2017
Michigan,Y07,Y,7,1.0,0.3316,0.1345,0.0649,0.0268,0.0132,0.0051,2017
Miami FL,Y08,Y,8,1.0,0.5785,0.1906,0.0852,0.0317,0.0123,0.003,2017
Michigan St,Y09,Y,9,1.0,0.4215,0.1331,0.0519,0.0148,0.0045,0.0012,2017
Oklahoma St,Y10,Y,10,1.0,0.6684,0.3036,0.1781,0.0959,0.0466,0.0189,2017
Rhode Island,Y11,Y,11,1.0,0.3937,0.105,0.0261,0.0069,0.0016,0.0003,2017
Nevada,Y12,Y,12,1.0,0.285,0.1094,0.0264,0.0071,0.0027,0.0001,2017
Vermont,Y13,Y,13,1.0,0.1591,0.0329,0.006,0.0009,0.0004,0.0,2017
Iona,Y14,Y,14,1.0,0.1016,0.022,0.0021,0.0001,0.0,0.0,2017
Jacksonville St,Y15,Y,15,1.0,0.0521,0.0039,0.0002,0.0,0.0,0.0,2017
UC Davis,Y16b,Y,16,1.0,0.0329,0.0025,0.0002,0.0,0.0,0.0,2017
North Carolina,Z01,Z,1,1.0,0.988,0.7127,0.4193,0.2065,0.1076,0.045,2017
Kentucky,Z02,Z,2,1.0,0.9581,0.6865,0.4278,0.2889,0.1685,0.0668,2017
UCLA,Z03,Z,3,1.0,0.8695,0.4994,0.1949,0.0915,0.0387,0.015,2017
Butler,Z04,Z,4,1.0,0.8531,0.5716,0.2802,0.148,0.0632,0.0226,2017
Minnesota,Z05,Z,5,1.0,0.5115,0.2068,0.0911,0.0238,0.0068,0.0009,2017
Cincinnati,Z06,Z,6,1.0,0.7585,0.4135,0.2301,0.1126,0.0489,0.0177,2017
Dayton,Z07,Z,7,1.0,0.377,0.1345,0.0385,0.0136,0.0037,0.0008,2017
Arkansas,Z08,Z,8,1.0,0.6537,0.2509,0.1307,0.0587,0.0199,0.0057,2017
Seton Hall,Z09,Z,9,1.0,0.3463,0.036,0.0119,0.0021,0.0006,0.0,2017
Wichita St,Z10,Z,10,1.0,0.623,0.171,0.0849,0.0343,0.0141,0.0034,2017
Kansas St,Z11a,Z,11,1.0,0.2415,0.0762,0.0212,0.006,0.001,0.0,2017
MTSU,Z12,Z,12,1.0,0.4885,0.1917,0.0634,0.0136,0.0034,0.0003,2017
Winthrop,Z13,Z,13,1.0,0.1469,0.0299,0.0034,0.0002,0.0,0.0,2017
Kent,Z14,Z,14,1.0,0.1305,0.0109,0.0017,0.0001,0.0,0.0,2017
N Kentucky,Z15,Z,15,1.0,0.0419,0.008,0.0009,0.0001,0.0,0.0,2017
TX Southern,Z16,Z,16,1.0,0.012,0.0004,0.0,0.0,0.0,0.0,2017
Villanova,W01,W,1,1.0,0.9833,0.8459,0.671,0.5592,0.429,0.3261,2018
Purdue,W02,W,2,1.0,0.9709,0.7309,0.5237,0.1856,0.0906,0.0505,2018
Texas Tech,W03,W,3,1.0,0.7976,0.3797,0.1374,0.0322,0.0094,0.0032,2018
Wichita St,W04,W,4,1.0,0.8722,0.3711,0.0879,0.0349,0.0115,0.0042,2018
West Virginia,W05,W,5,1.0,0.7932,0.54,0.1795,0.093,0.0372,0.0175,2018
Florida,W06,W,6,1.0,0.8019,0.5087,0.2146,0.05,0.0142,0.0052,2018
Arkansas,W07,W,7,1.0,0.358,0.0952,0.0393,0.0065,0.0016,0.0005,2018
Virginia Tech,W08,W,8,1.0,0.6985,0.1305,0.0486,0.0219,0.0066,0.003,2018
Alabama,W09,W,9,1.0,0.3015,0.0214,0.0053,0.0012,0.0001,0.0,2018
Butler,W10,W,10,1.0,0.642,0.1701,0.0697,0.013,0.0028,0.0005,2018
St Bonaventure,W11a,W,11,1.0,0.1981,0.076,0.0118,0.0012,0.0001,0.0001,2018
Murray St,W12,W,12,1.0,0.2068,0.0734,0.0069,0.0011,0.0001,0.0,2018
Marshall,W13,W,13,1.0,0.1278,0.0155,0.0006,0.0001,0.0,0.0,2018
SF Austin,W14,W,14,1.0,0.2024,0.0356,0.0032,0.0001,0.0,0.0,2018
CS Fullerton,W15,W,15,1.0,0.0291,0.0038,0.0003,0.0,0.0,0.0,2018
Radford,W16b,W,16,1.0,0.0167,0.0022,0.0002,0.0,0.0,0.0,2018
Kansas,X01,X,1,1.0,0.9176,0.6741,0.5727,0.3345,0.1406,0.0839,2018
Duke,X02,X,2,1.0,0.9571,0.7935,0.5813,0.357,0.1712,0.1074,2018
Michigan St,X03,X,3,1.0,0.9013,0.6595,0.2654,0.1395,0.0484,0.025,2018
Auburn,X04,X,4,1.0,0.8137,0.4166,0.1021,0.0251,0.0051,0.0016,2018
Clemson,X05,X,5,1.0,0.6468,0.3958,0.1005,0.0256,0.0055,0.0011,2018
TCU,X06,X,6,1.0,0.5524,0.1882,0.0491,0.0156,0.0031,0.0008,2018
Rhode Island,X07,X,7,1.0,0.517,0.0869,0.0287,0.0081,0.0012,0.0001,2018
Seton Hall,X08,X,8,1.0,0.5784,0.1992,0.1252,0.0449,0.0127,0.0049,2018
NC State,X09,X,9,1.0,0.4216,0.1119,0.0632,0.0177,0.0038,0.0013,2018
Oklahoma,X10,X,10,1.0,0.483,0.1133,0.0427,0.0163,0.0028,0.001,2018
Syracuse,X11b,X,11,1.0,0.4476,0.1292,0.0303,0.0089,0.0017,0.0003,2018
New Mexico St,X12,X,12,1.0,0.3532,0.1479,0.0296,0.0058,0.0007,0.0002,2018
Col Charleston,X13,X,13,1.0,0.1863,0.0397,0.0025,0.0001,0.0,0.0,2018
Bucknell,X14,X,14,1.0,0.0987,0.0231,0.0018,0.0002,0.0,0.0,2018
Iona,X15,X,15,1.0,0.0429,0.0063,0.0007,0.0002,0.0,0.0,2018
Penn,X16,X,16,1.0,0.0824,0.0148,0.0042,0.0005,0.0,0.0,2018
Virginia,Y01,Y,1,1.0,0.9667,0.8266,0.616,0.433,0.2778,0.1378,2018
Cincinnati,Y02,Y,2,1.0,0.8533,0.5695,0.3545,0.1654,0.0972,0.0363,2018
Tennessee,Y03,Y,3,1.0,0.9219,0.5961,0.282,0.1122,0.0514,0.0116,2018
Arizona,Y04,Y,4,1.0,0.6533,0.2554,0.0706,0.031,0.0126,0.002,2018
Kentucky,Y05,Y,5,1.0,0.8109,0.5511,0.2138,0.1138,0.0553,0.0153,2018
Miami FL,Y06,Y,6,1.0,0.7672,0.3273,0.1385,0.046,0.0149,0.0033,2018
Nevada,Y07,Y,7,1.0,0.5254,0.2211,0.1147,0.0425,0.019,0.0052,2018
Creighton,Y08,Y,8,1.0,0.4416,0.081,0.0299,0.0108,0.0033,0.0002,2018
Kansas St,Y09,Y,9,1.0,0.5584,0.0841,0.03,0.0094,0.0023,0.0005,2018
Texas,Y10,Y,10,1.0,0.4746,0.183,0.0871,0.0204,0.0082,0.0016,2018
Loyola-Chicago,Y11,Y,11,1.0,0.2328,0.0639,0.0186,0.0032,0.0006,0.0001,2018
Davidson,Y12,Y,12,1.0,0.1891,0.0996,0.019,0.0058,0.0008,0.0,2018
Buffalo,Y13,Y,13,1.0,0.3467,0.0939,0.0195,0.0057,0.0016,0.0001,2018
Wright St,Y14,Y,14,1.0,0.0781,0.0127,0.0012,0.0002,0.0,0.0,2018
Georgia St,Y15,Y,15,1.0,0.1467,0.0264,0.0034,0.0005,0.0001,0.0,2018
UMBC,Y16,Y,16,1.0,0.0333,0.0083,0.0012,0.0001,0.0,0.0,2018
Xavier,Z01,Z,1,1.0,0.9667,0.6873,0.4424,0.2456,0.1287,0.0473,2018
North Carolina,Z02,Z,2,1.0,0.945,0.6679,0.4528,0.2823,0.1489,0.0583,2018
Michigan,Z03,Z,3,1.0,0.8261,0.4652,0.1774,0.0841,0.0345,0.0093,2018
Gonzaga,Z04,Z,4,1.0,0.7959,0.418,0.1945,0.0878,0.036,0.0087,2018
Ohio St,Z05,Z,5,1.0,0.7299,0.4365,0.2062,0.0959,0.0378,0.0093,2018
Houston,Z06,Z,6,1.0,0.6623,0.348,0.1593,0.073,0.0306,0.0075,2018
Texas A&M,Z07,Z,7,1.0,0.6563,0.241,0.125,0.056,0.0189,0.0043,2018
Missouri,Z08,Z,8,1.0,0.4553,0.1347,0.0548,0.0171,0.0048,0.0005,2018
Florida St,Z09,Z,9,1.0,0.5447,0.1743,0.0713,0.0246,0.0069,0.0016,2018
Providence,Z10,Z,10,1.0,0.3437,0.0857,0.0328,0.0114,0.0035,0.0005,2018
San Diego St,Z11,Z,11,1.0,0.3377,0.1577,0.0481,0.0158,0.0033,0.0003,2018
S Dakota St,Z12,Z,12,1.0,0.2701,0.0915,0.0206,0.0043,0.0007,0.0,2018
UNC Greensboro,Z13,Z,13,1.0,0.2041,0.054,0.0097,0.0015,0.0003,0.0,2018
Montana,Z14,Z,14,1.0,0.1739,0.0291,0.0043,0.0006,0.0,0.0,2018
Lipscomb,Z15,Z,15,1.0,0.055,0.0054,0.0003,0.0,0.0,0.0,2018
TX Southern,Z16b,Z,16,1.0,0.0333,0.0037,0.0005,0.0,0.0,0.0,2018
Duke,W01,W,1,1.0,0.9672,0.8471,0.6255,0.4404,0.2936,0.1898,2019
Michigan St,W02,W,2,1.0,0.9339,0.718,0.4762,0.2402,0.1346,0.0674,2019
LSU,W03,W,3,1.0,0.869,0.5472,0.2709,0.0943,0.0335,0.0142,2019
Virginia Tech,W04,W,4,1.0,0.7801,0.5351,0.1856,0.0885,0.0406,0.0167,2019
Mississippi St,W05,W,5,1.0,0.8291,0.3758,0.1162,0.0489,0.0187,0.0056,2019
Maryland,W06,W,6,1.0,0.776,0.3542,0.1324,0.0382,0.0129,0.0046,2019
Louisville,W07,W,7,1.0,0.5783,0.1699,0.0683,0.0214,0.0053,0.0016,2019
VCU,W08,W,8,1.0,0.273,0.0386,0.0148,0.004,0.0006,0.0001,2019
UCF,W09,W,9,1.0,0.727,0.1104,0.0484,0.0128,0.0028,0.0009,2019
Minnesota,W10,W,10,1.0,0.4217,0.0996,0.0365,0.0081,0.0022,0.0004,2019
Belmont,W11a,W,11,1.0,0.224,0.0652,0.0098,0.0014,0.0002,0.0001,2019
Liberty,W12,W,12,1.0,0.1709,0.0392,0.0041,0.0006,0.0,0.0,2019
St Louis,W13,W,13,1.0,0.2199,0.0499,0.005,0.0004,0.0,0.0,2019
Yale,W14,W,14,1.0,0.131,0.0334,0.0039,0.0006,0.0,0.0,2019
Bradley,W15,W,15,1.0,0.0661,0.0125,0.002,0.0002,0.0,0.0,2019
N Dakota St,W16a,W,16,1.0,0.0328,0.0039,0.0004,0.0,0.0,0.0,2019
Gonzaga,X01,X,1,1.0,0.963,0.7613,0.5496,0.3378,0.183,0.1064,2019
Michigan,X02,X,2,1.0,0.9255,0.7319,0.4697,0.274,0.137,0.0651,2019
Texas Tech,X03,X,3,1.0,0.8671,0.5566,0.2922,0.1365,0.0571,0.0261,2019
Florida St,X04,X,4,1.0,0.8485,0.5963,0.2501,0.1012,0.0352,0.0124,2019
Marquette,X05,X,5,1.0,0.7448,0.3029,0.0785,0.0267,0.0077,0.0019,2019
Buffalo,X06,X,6,1.0,0.3862,0.1823,0.0589,0.0239,0.0091,0.0032,2019
Nevada,X07,X,7,1.0,0.3648,0.0865,0.0285,0.0058,0.0011,0.0001,2019
Syracuse,X08,X,8,1.0,0.5142,0.1074,0.0437,0.0152,0.0031,0.0007,2019
Baylor,X09,X,9,1.0,0.4858,0.1272,0.0637,0.0201,0.0049,0.0011,2019
Florida,X10,X,10,1.0,0.6352,0.1666,0.0752,0.0285,0.0082,0.002,2019
Arizona St,X11a,X,11,1.0,0.6138,0.2399,0.0699,0.0267,0.0083,0.0026,2019
Murray St,X12,X,12,1.0,0.2552,0.0645,0.0099,0.0018,0.0002,0.0,2019
Vermont,X13,X,13,1.0,0.1515,0.0363,0.0043,0.0008,0.0,0.0,2019
N Kentucky,X14,X,14,1.0,0.1329,0.0212,0.003,0.0006,0.0001,0.0,2019
Montana,X15,X,15,1.0,0.0745,0.015,0.0026,0.0004,0.0,0.0,2019
F Dickinson,X16a,X,16,1.0,0.037,0.0041,0.0002,0.0,0.0,0.0,2019
North Carolina,Y01,Y,1,1.0,0.9732,0.8065,0.5526,0.3083,0.1483,0.0772,2019
Kentucky,Y02,Y,2,1.0,0.9344,0.7698,0.4301,0.2436,0.1334,0.0666,2019
Houston,Y03,Y,3,1.0,0.772,0.5389,0.3388,0.1848,0.0979,0.0377,2019
Kansas,Y04,Y,4,1.0,0.8551,0.5221,0.2199,0.1021,0.0435,0.0149,2019
Auburn,Y05,Y,5,1.0,0.7971,0.3949,0.1537,0.0729,0.0267,0.0096,2019
Iowa St,Y06,Y,6,1.0,0.6127,0.2931,0.1227,0.0477,0.0156,0.0056,2019
Wofford,Y07,Y,7,1.0,0.5519,0.133,0.0431,0.013,0.0034,0.001,2019
Utah St,Y08,Y,8,1.0,0.5124,0.0782,0.0171,0.0034,0.0006,0.0,2019
Washington,Y09,Y,9,1.0,0.4876,0.1111,0.0353,0.0063,0.0014,0.0001,2019
Seton Hall,Y10,Y,10,1.0,0.4481,0.082,0.02,0.0047,0.0012,0.0001,2019
Ohio St,Y11,Y,11,1.0,0.3873,0.1204,0.0343,0.0092,0.0019,0.0003,2019
New Mexico St,Y12,Y,12,1.0,0.2029,0.06,0.0173,0.0025,0.0009,0.0001,2019
Northeastern,Y13,Y,13,1.0,0.1449,0.023,0.0036,0.0003,0.0,0.0,2019
Georgia St,Y14,Y,14,1.0,0.228,0.0476,0.009,0.0011,0.0,0.0,2019
Abilene Chr,Y15,Y,15,1.0,0.0656,0.0152,0.002,0.0001,0.0001,0.0,2019
Iona,Y16,Y,16,1.0,0.0268,0.0042,0.0005,0.0,0.0,0.0,2019
Virginia,Z01,Z,1,1.0,0.9671,0.828,0.6184,0.4517,0.2879,0.1725,2019
Tennessee,Z02,Z,2,1.0,0.9022,0.5911,0.3757,0.1682,0.0823,0.0346,2019
Purdue,Z03,Z,3,1.0,0.8426,0.5699,0.301,0.1287,0.0673,0.032,2019
Kansas St,Z04,Z,4,1.0,0.794,0.3882,0.1098,0.0491,0.0195,0.0053,2019
Wisconsin,Z05,Z,5,1.0,0.5785,0.3644,0.1314,0.0671,0.0261,0.0097,2019
Villanova,Z06,Z,6,1.0,0.5215,0.2083,0.0795,0.0222,0.0064,0.0016,2019
Cincinnati,Z07,Z,7,1.0,0.6312,0.2614,0.1219,0.0362,0.0128,0.0035,2019
Mississippi,Z08,Z,8,1.0,0.2784,0.0351,0.0127,0.0024,0.0006,0.0002,2019
Oklahoma,Z09,Z,9,1.0,0.7216,0.1323,0.063,0.0222,0.0079,0.0021,2019
Iowa,Z10,Z,10,1.0,0.3688,0.1313,0.0554,0.0167,0.0043,0.0008,2019
St Mary's CA,Z11,Z,11,1.0,0.4785,0.17,0.0557,0.0128,0.0029,0.0005,2019
Oregon,Z12,Z,12,1.0,0.4215,0.2041,0.0579,0.0207,0.0068,0.001,2019
UC Irvine,Z13,Z,13,1.0,0.206,0.0433,0.006,0.0012,0.0002,0.0,2019
Old Dominion,Z14,Z,14,1.0,0.1574,0.0518,0.0087,0.0007,0.0001,0.0,2019
Colgate,Z15,Z,15,1.0,0.0978,0.0162,0.0021,0.0,0.0,0.0,2019
Gardner Webb,Z16,Z,16,1.0,0.0329,0.0046,0.0008,0.0001,0.0,0.0,2019
Michigan,W01,W,1,1.0,0.9495,0.5124,0.3236,0.197,0.084,0.0433,2021
Alabama,W02,W,2,1.0,0.8714,0.4859,0.3198,0.1667,0.0679,0.0294,2021
Texas,W03,W,3,1.0,0.7576,0.4697,0.2065,0.0902,0.0278,0.01,2021
Florida St,W04,W,4,1.0,0.7686,0.5074,0.2316,0.1318,0.0542,0.0212,2021
Colorado,W05,W,5,1.0,0.5485,0.2375,0.0848,0.0386,0.0115,0.0031,2021
BYU,W06,W,6,1.0,0.5705,0.2972,0.117,0.0376,0.01,0.0033,2021
Connecticut,W07,W,7,1.0,0.706,0.3974,0.2538,0.1236,0.0433,0.0173,2021
LSU,W08,W,8,1.0,0.5585,0.2775,0.1735,0.105,0.0415,0.0192,2021
St Bonaventure,W09,W,9,1.0,0.4415,0.2066,0.1178,0.0576,0.0205,0.0075,2021
Maryland,W10,W,10,1.0,0.294,0.0885,0.0358,0.0105,0.0021,0.0002,2021
UCLA,W11b,W,11,1.0,0.4295,0.1685,0.0521,0.016,0.0033,0.0011,2021
Georgetown,W12,W,12,1.0,0.4515,0.1765,0.0494,0.0181,0.0031,0.0008,2021
UNC Greensboro,W13,W,13,1.0,0.2314,0.0786,0.019,0.0049,0.001,0.0003,2021
Abilene Chr,W14,W,14,1.0,0.2424,0.0646,0.0077,0.0013,0.0002,0.0,2021
Iona,W15,W,15,1.0,0.1286,0.0282,0.0073,0.0011,0.0002,0.0,2021
TX Southern,W16b,W,16,1.0,0.0505,0.0035,0.0003,0.0,0.0,0.0,2021
Gonzaga,X01,X,1,1.0,0.9759,0.8733,0.7073,0.5563,0.4235,0.2755,2021
Iowa,X02,X,2,1.0,0.8326,0.61,0.4224,0.1608,0.0886,0.042,2021
Kansas,X03,X,3,1.0,0.8144,0.4681,0.2094,0.0641,0.0267,0.0097,2021
Virginia,X04,X,4,1.0,0.7897,0.485,0.1294,0.0667,0.0334,0.0133,2021
Creighton,X05,X,5,1.0,0.7409,0.3577,0.0931,0.0442,0.019,0.0059,2021
USC,X06,X,6,1.0,0.6808,0.3744,0.1616,0.0431,0.0185,0.0055,2021
Oregon,X07,X,7,1.0,1.0,0.3321,0.1521,0.0312,0.0103,0.0024,2021
Oklahoma,X08,X,8,1.0,0.4061,0.0531,0.02,0.0079,0.002,0.0002,2021
Missouri,X09,X,9,1.0,0.5939,0.0707,0.0296,0.0113,0.0038,0.0009,2021
Drake,X11a,X,11,1.0,0.3192,0.1004,0.0258,0.0044,0.0015,0.0004,2021
UC Santa Barbara,X12,X,12,1.0,0.2591,0.0758,0.0076,0.0017,0.0003,0.0002,2021
Ohio,X13,X,13,1.0,0.2103,0.0815,0.0126,0.0047,0.0014,0.0002,2021
E Washington,X14,X,14,1.0,0.1856,0.0571,0.0095,0.001,0.0002,0.0001,2021
Grand Canyon,X15,X,15,1.0,0.1674,0.0579,0.0192,0.0026,0.0002,0.0,2021
Norfolk St,X16b,X,16,1.0,0.0241,0.0029,0.0004,0.0,0.0,0.0,2021
Illinois,Y01,Y,1,1.0,0.8821,0.6484,0.4801,0.2208,0.1358,0.062,2021
Houston,Y02,Y,2,1.0,0.9604,0.8141,0.6377,0.4739,0.3606,0.2398,2021
West Virginia,Y03,Y,3,1.0,0.8185,0.4595,0.1391,0.0631,0.0269,0.0072,2021
Oklahoma St,Y04,Y,4,1.0,0.7893,0.4182,0.1632,0.0505,0.0204,0.0047,2021
Tennessee,Y05,Y,5,1.0,0.7069,0.4253,0.1803,0.0644,0.0292,0.0095,2021
San Diego St,Y06,Y,6,1.0,0.4532,0.236,0.0704,0.0278,0.0121,0.004,2021
Clemson,Y07,Y,7,1.0,0.348,0.0413,0.0118,0.0031,0.0005,0.0002,2021
Loyola-Chicago,Y08,Y,8,1.0,0.6407,0.2132,0.0907,0.027,0.0103,0.0032,2021
Georgia Tech,Y09,Y,9,1.0,0.3593,0.107,0.0419,0.0081,0.0019,0.0007,2021
Rutgers,Y10,Y,10,1.0,0.652,0.1347,0.0498,0.0165,0.0064,0.0015,2021
Syracuse,Y11,Y,11,1.0,0.5468,0.271,0.0861,0.038,0.0152,0.005,2021
Oregon St,Y12,Y,12,1.0,0.2931,0.1103,0.0273,0.0047,0.0018,0.0001,2021
Liberty,Y13,Y,13,1.0,0.2107,0.0462,0.0106,0.0011,0.0002,0.0,2021
Morehead St,Y14,Y,14,1.0,0.1815,0.0335,0.0037,0.0004,0.0002,0.0001,2021
Cleveland St,Y15,Y,15,1.0,0.0396,0.0099,0.0014,0.0,0.0,0.0,2021
Drexel,Y16,Y,16,1.0,0.1179,0.0314,0.0059,0.0006,0.0001,0.0,2021
Baylor,Z01,Z,1,1.0,0.8981,0.6079,0.4034,0.2789,0.1323,0.0641,2021
Ohio St,Z02,Z,2,1.0,0.919,0.579,0.3829,0.1993,0.0774,0.0292,2021
Arkansas,Z03,Z,3,1.0,0.4782,0.2573,0.1173,0.0441,0.0133,0.004,2021
Purdue,Z04,Z,4,1.0,0.8366,0.4818,0.2221,0.1238,0.0531,0.02,2021
Villanova,Z05,Z,5,1.0,0.7422,0.3981,0.1585,0.0738,0.0237,0.0072,2021
Texas Tech,Z06,Z,6,1.0,0.518,0.2613,0.0989,0.0345,0.0094,0.003,2021
Florida,Z07,Z,7,1.0,0.6014,0.288,0.1624,0.064,0.0184,0.0066,2021
North Carolina,Z08,Z,8,1.0,0.469,0.1762,0.0828,0.0401,0.0112,0.0035,2021
Wisconsin,Z09,Z,9,1.0,0.531,0.201,0.1068,0.0534,0.0184,0.0056,2021
Virginia Tech,Z10,Z,10,1.0,0.3986,0.1228,0.0607,0.0199,0.0052,0.0014,2021
Utah St,Z11,Z,11,1.0,0.482,0.2498,0.0918,0.0318,0.0095,0.0027,2021
Winthrop,Z12,Z,12,1.0,0.2578,0.0745,0.0145,0.0041,0.0005,0.0,2021
North Texas,Z13,Z,13,1.0,0.1634,0.0456,0.0102,0.0024,0.0006,0.0001,2021
Colgate,Z14,Z,14,1.0,0.5218,0.2316,0.0842,0.0295,0.0054,0.0016,2021
Oral Roberts,Z15,Z,15,1.0,0.081,0.0102,0.0018,0.0,0.0,0.0,2021
Hartford,Z16,Z,16,1.0,0.1019,0.0149,0.0017,0.0004,0.0,0.0,2021
Baylor,W01,W,1,1.0,0.956,0.6358,0.3893,0.2205,0.1115,0.0579,2022
Kentucky,W02,W,2,1.0,0.9009,0.6744,0.3938,0.2222,0.1287,0.0655,2022
Purdue,W03,W,3,1.0,0.9134,0.5376,0.285,0.1457,0.0697,0.0305,2022
UCLA,W04,W,4,1.0,0.8878,0.6739,0.3512,0.1793,0.0956,0.0415,2022
St Mary's CA,W05,W,5,1.0,0.6124,0.1823,0.0736,0.026,0.0096,0.0025,2022
Texas,W06,W,6,1.0,0.4569,0.2159,0.1042,0.0449,0.0195,0.0077,2022
Murray St,W07,W,7,1.0,0.4843,0.1266,0.0429,0.0136,0.0028,0.0008,2022
North Carolina,W08,W,8,1.0,0.7672,0.3024,0.1342,0.0598,0.0251,0.0105,2022
Marquette,W09,W,9,1.0,0.2328,0.0549,0.0146,0.0035,0.0013,0.0002,2022
San Francisco,W10,W,10,1.0,0.5157,0.179,0.0677,0.0256,0.0099,0.0022,2022
Virginia Tech,W11,W,11,1.0,0.5431,0.2367,0.1017,0.0485,0.0207,0.0075,2022
Indiana,W12a,W,12,1.0,0.3876,0.1216,0.0333,0.0094,0.0018,0.0005,2022
Akron,W13,W,13,1.0,0.1122,0.0222,0.0025,0.0003,0.0001,0.0001,2022
Yale,W14,W,14,1.0,0.0866,0.0098,0.0007,0.0001,0.0,0.0,2022
St Peter's,W15,W,15,1.0,0.0991,0.02,0.004,0.0006,0.0001,0.0,2022
Norfolk St,W16,W,16,1.0,0.044,0.0069,0.0013,0.0,0.0,0.0,2022
Gonzaga,X01,X,1,1.0,0.9423,0.6801,0.5539,0.3461,0.1946,0.0971,2022
Duke,X02,X,2,1.0,0.9658,0.736,0.4912,0.2737,0.1571,0.0799,2022
Texas Tech,X03,X,3,1.0,0.8885,0.595,0.2776,0.1421,0.0666,0.0278,2022
Arkansas,X04,X,4,1.0,0.623,0.2843,0.0674,0.0166,0.0044,0.0007,2022
Connecticut,X05,X,5,1.0,0.7079,0.464,0.1465,0.0506,0.0184,0.005,2022
Alabama,X06,X,6,1.0,0.5196,0.2289,0.0677,0.0233,0.0075,0.002,2022
Michigan St,X07,X,7,1.0,0.5749,0.1775,0.0761,0.0309,0.0099,0.0033,2022
Boise St,X08,X,8,1.0,0.353,0.069,0.0318,0.0086,0.0019,0.0004,2022
Memphis,X09,X,9,1.0,0.647,0.2412,0.1551,0.0687,0.0307,0.0102,2022
Davidson,X10,X,10,1.0,0.4251,0.0813,0.0303,0.008,0.0023,0.0002,2022
Notre Dame,X11a,X,11,1.0,0.4804,0.1609,0.0552,0.0206,0.0075,0.0023,2022
New Mexico St,X12,X,12,1.0,0.2921,0.1392,0.0242,0.0054,0.0017,0.0006,2022
Vermont,X13,X,13,1.0,0.377,0.1125,0.0188,0.0052,0.001,0.0001,2022
Montana St,X14,X,14,1.0,0.1115,0.0152,0.0012,0.0,0.0,0.0,2022
CS Fullerton,X15,X,15,1.0,0.0342,0.0052,0.0007,0.0001,0.0,0.0,2022
Georgia St,X16,X,16,1.0,0.0577,0.0097,0.0023,0.0001,0.0,0.0,2022
Kansas,Y01,Y,1,1.0,0.9418,0.7913,0.5838,0.4455,0.2575,0.165,2022
Auburn,Y02,Y,2,1.0,0.8941,0.5854,0.3493,0.1317,0.0553,0.0218,2022
Wisconsin,Y03,Y,3,1.0,0.7645,0.3757,0.1717,0.0501,0.0134,0.0034,2022
Providence,Y04,Y,4,1.0,0.7773,0.2901,0.0839,0.0393,0.0112,0.0029,2022
Iowa,Y05,Y,5,1.0,0.8782,0.6393,0.2574,0.1673,0.0717,0.0338,2022
LSU,Y06,Y,6,1.0,0.6646,0.4097,0.2113,0.0753,0.0226,0.0087,2022
USC,Y07,Y,7,1.0,0.4921,0.1729,0.0745,0.0176,0.0047,0.0014,2022
San Diego St,Y08,Y,8,1.0,0.5913,0.1295,0.0435,0.0192,0.0041,0.0013,2022
Creighton,Y09,Y,9,1.0,0.4087,0.0685,0.0202,0.0079,0.0019,0.0003,2022
Miami FL,Y10,Y,10,1.0,0.5079,0.2134,0.1058,0.0256,0.0067,0.0016,2022
Iowa St,Y11,Y,11,1.0,0.3354,0.1714,0.0737,0.0169,0.0035,0.0007,2022
Richmond,Y12,Y,12,1.0,0.1218,0.0355,0.0048,0.0011,0.0001,0.0,2022
S Dakota St,Y13,Y,13,1.0,0.2227,0.0351,0.0055,0.0008,0.0001,0.0,2022
Colgate,Y14,Y,14,1.0,0.2355,0.0432,0.0085,0.0009,0.0,0.0,2022
Jacksonville St,Y15,Y,15,1.0,0.1059,0.0283,0.0052,0.0006,0.0001,0.0,2022
TX Southern,Y16b,Y,16,1.0,0.0582,0.0107,0.0009,0.0002,0.0,0.0,2022
Arizona,Z01,Z,1,1.0,0.9246,0.5633,0.2297,0.1025,0.0417,0.0176,2022
Villanova,Z02,Z,2,1.0,0.9032,0.684,0.4529,0.227,0.127,0.0701,2022
Tennessee,Z03,Z,3,1.0,0.8782,0.6181,0.2963,0.1418,0.0774,0.0402,2022
Illinois,Z04,Z,4,1.0,0.6183,0.1492,0.0678,0.0224,0.0077,0.0026,2022
Houston,Z05,Z,5,1.0,0.8913,0.7212,0.5368,0.375,0.2444,0.1567,2022
Colorado St,Z06,Z,6,1.0,0.3086,0.0777,0.02,0.0034,0.0009,0.0,2022
Ohio St,Z07,Z,7,1.0,0.6472,0.2111,0.0818,0.0237,0.0088,0.0024,2022
Seton Hall,Z08,Z,8,1.0,0.3424,0.1207,0.0292,0.0065,0.0023,0.0005,2022
TCU,Z09,Z,9,1.0,0.6576,0.3055,0.0958,0.0384,0.0155,0.0056,2022
Loyola-Chicago,Z10,Z,10,1.0,0.3528,0.082,0.0224,0.0049,0.0014,0.0,2022
Michigan,Z11,Z,11,1.0,0.6914,0.2789,0.1199,0.0433,0.0168,0.0059,2022
UAB,Z12,Z,12,1.0,0.1087,0.0421,0.0132,0.0028,0.0006,0.0,2022
Chattanooga,Z13,Z,13,1.0,0.3817,0.0875,0.0271,0.0077,0.0026,0.0005,2022
Longwood,Z14,Z,14,1.0,0.1218,0.0253,0.0044,0.0006,0.0,0.0,2022
Delaware,Z15,Z,15,1.0,0.0968,0.0229,0.0023,0.0,0.0,0.0,2022
Wright St,Z16b,Z,16,1.0,0.0754,0.0105,0.0004,0.0,0.0,0.0,2022
Purdue,W01,W,1,1.0,0.9507,0.4675,0.2158,0.1249,0.0515,0.0205,2023
Marquette,W02,W,2,1.0,0.819,0.4117,0.2665,0.1208,0.0541,0.0208,2023
Kansas St,W03,W,3,1.0,0.852,0.5058,0.2438,0.1026,0.035,0.0124,2023
Tennessee,W04,W,4,1.0,0.8877,0.6383,0.3838,0.2732,0.1484,0.0744,2023
Duke,W05,W,5,1.0,0.7394,0.2928,0.1488,0.0786,0.033,0.0132,2023
Kentucky,W06,W,6,1.0,0.5902,0.2972,0.1221,0.0435,0.0146,0.0048,2023
Michigan St,W07,W,7,1.0,0.3698,0.2083,0.115,0.0412,0.0153,0.0051,2023
Memphis,W08,W,8,1.0,0.6497,0.3899,0.1934,0.1147,0.0486,0.0203,2023
FL Atlantic,W09,W,9,1.0,0.3503,0.1396,0.0442,0.0166,0.0043,0.0008,2023
USC,W10,W,10,1.0,0.6302,0.3308,0.1695,0.0608,0.02,0.0071,2023
Providence,W11,W,11,1.0,0.4098,0.1663,0.066,0.0168,0.0037,0.0006,2023
Oral Roberts,W12,W,12,1.0,0.2606,0.0441,0.009,0.0031,0.0006,0.0002,2023
Louisiana,W13,W,13,1.0,0.1123,0.0248,0.0048,0.001,0.0001,0.0001,2023
Montana St,W14,W,14,1.0,0.148,0.0307,0.0051,0.0008,0.0,0.0,2023
Vermont,W15,W,15,1.0,0.181,0.0492,0.012,0.0014,0.0002,0.0,2023
F Dickinson,W16a,W,16,1.0,0.0493,0.003,0.0002,0.0,0.0,0.0,2023
Alabama,X01,X,1,1.0,0.969,0.7792,0.63,0.4656,0.3297,0.2003,2023
Arizona,X02,X,2,1.0,0.8462,0.5931,0.3246,0.1312,0.0638,0.023,2023
Baylor,X03,X,3,1.0,0.8892,0.5309,0.3103,0.1274,0.069,0.0289,2023
Virginia,X04,X,4,1.0,0.6816,0.2493,0.056,0.0214,0.0076,0.0018,2023
San Diego St,X05,X,5,1.0,0.6642,0.4909,0.1708,0.0911,0.0478,0.0186,2023
Creighton,X06,X,6,1.0,0.3962,0.2078,0.1064,0.0361,0.0107,0.0031,2023
Missouri,X07,X,7,1.0,0.5947,0.2271,0.0915,0.0237,0.0072,0.0019,2023
Maryland,X08,X,8,1.0,0.4479,0.0927,0.0428,0.0202,0.0071,0.0015,2023
West Virginia,X09,X,9,1.0,0.5521,0.1232,0.0608,0.0286,0.0097,0.003,2023
Utah St,X10,X,10,1.0,0.4053,0.1355,0.0477,0.0103,0.0028,0.0008,2023
NC State,X11,X,11,1.0,0.6038,0.2296,0.1046,0.0304,0.0119,0.0033,2023
Col Charleston,X12,X,12,1.0,0.3358,0.1844,0.03,0.0092,0.0025,0.0009,2023
Furman,X13,X,13,1.0,0.3184,0.0754,0.009,0.0028,0.0007,0.0,2023
UC Santa Barbara,X14,X,14,1.0,0.1108,0.0317,0.006,0.0009,0.0,0.0,2023
Princeton,X15,X,15,1.0,0.1538,0.0443,0.0089,0.0011,0.0001,0.0,2023
TAM C. Christi,X16b,X,16,1.0,0.031,0.0049,0.0006,0.0,0.0,0.0,2023
Houston,Y01,Y,1,1.0,0.9347,0.6199,0.4955,0.3488,0.1996,0.1214,2023
Texas,Y02,Y,2,1.0,0.9427,0.6987,0.4925,0.2624,0.1247,0.0662,2023
Xavier,Y03,Y,3,1.0,0.8252,0.5063,0.2045,0.0733,0.0246,0.0075,2023
Indiana,Y04,Y,4,1.0,0.6,0.3053,0.0989,0.0327,0.0094,0.0021,2023
Miami FL,Y05,Y,5,1.0,0.708,0.4232,0.1214,0.0513,0.0152,0.0044,2023
Iowa St,Y06,Y,6,1.0,0.5648,0.2685,0.0834,0.0272,0.0076,0.0025,2023
Texas A&M,Y07,Y,7,1.0,0.6359,0.2154,0.1285,0.0399,0.0128,0.0043,2023
Iowa,Y08,Y,8,1.0,0.278,0.059,0.0242,0.0058,0.0011,0.0002,2023
Auburn,Y09,Y,9,1.0,0.722,0.3109,0.2121,0.1224,0.0531,0.0209,2023
Penn St,Y10,Y,10,1.0,0.3641,0.0769,0.0323,0.0108,0.0033,0.0012,2023
Pittsburgh,Y11b,Y,11,1.0,0.4352,0.1799,0.051,0.0108,0.0012,0.0002,2023
Drake,Y12,Y,12,1.0,0.292,0.0979,0.0151,0.0035,0.0005,0.0,2023
Kent,Y13,Y,13,1.0,0.4,0.1736,0.0309,0.0099,0.0017,0.0002,2023
Kennesaw,Y14,Y,14,1.0,0.1748,0.0453,0.0064,0.0009,0.0,0.0,2023
Colgate,Y15,Y,15,1.0,0.0573,0.009,0.0014,0.0001,0.0,0.0,2023
N Kentucky,Y16,Y,16,1.0,0.0653,0.0102,0.0019,0.0002,0.0,0.0,2023
Kansas,Z01,Z,1,1.0,0.9212,0.6199,0.2758,0.1223,0.0568,0.0254,2023
UCLA,Z02,Z,2,1.0,0.9296,0.7888,0.5904,0.3595,0.2183,0.1288,2023
Gonzaga,Z03,Z,3,1.0,0.8005,0.4312,0.1464,0.0565,0.0209,0.0085,2023
Connecticut,Z04,Z,4,1.0,0.8593,0.6977,0.4786,0.2986,0.1936,0.1193,2023
St Mary's CA,Z05,Z,5,1.0,0.6216,0.1646,0.0695,0.0204,0.0055,0.0016,2023
TCU,Z06,Z,6,1.0,0.6716,0.3923,0.1489,0.0569,0.0235,0.0091,2023
Northwestern,Z07,Z,7,1.0,0.6225,0.1234,0.0497,0.0149,0.0043,0.0012,2023
Arkansas,Z08,Z,8,1.0,0.5834,0.2563,0.0976,0.0367,0.0143,0.0057,2023
Illinois,Z09,Z,9,1.0,0.4166,0.1138,0.0327,0.008,0.0019,0.0006,2023
Boise St,Z10,Z,10,1.0,0.3775,0.0742,0.0257,0.0061,0.0015,0.0003,2023
Arizona St,Z11a,Z,11,1.0,0.3284,0.126,0.0296,0.0071,0.0012,0.0002,2023
VCU,Z12,Z,12,1.0,0.3784,0.0684,0.0202,0.0052,0.0014,0.0001,2023
Iona,Z13,Z,13,1.0,0.1407,0.0693,0.0246,0.0064,0.002,0.0007,2023
Grand Canyon,Z14,Z,14,1.0,0.1995,0.0505,0.0077,0.0013,0.0,0.0,2023
UNC Asheville,Z15,Z,15,1.0,0.0704,0.0136,0.0016,0.0001,0.0,0.0,2023
Howard,Z16,Z,16,1.0,0.0788,0.01,0.001,0.0,0.0,0.0,2023
Connecticut,W01,W,1,1.0,0.9556,0.8062,0.5339,0.3966,0.2798,0.1762,2024
Iowa St,W02,W,2,1.0,0.8852,0.629,0.3584,0.1348,0.0711,0.0311,2024
Illinois,W03,W,3,1.0,0.8022,0.4322,0.2321,0.0725,0.0302,0.0125,2024
Auburn,W04,W,4,1.0,0.8349,0.671,0.3293,0.2203,0.1316,0.0712,2024
San Diego St,W05,W,5,1.0,0.8311,0.2486,0.0639,0.0249,0.0079,0.0019,2024
BYU,W06,W,6,1.0,0.7878,0.4506,0.2419,0.0864,0.038,0.014,2024
Washington St,W07,W,7,1.0,0.6007,0.2134,0.0883,0.0232,0.008,0.0026,2024
FL Atlantic,W08,W,8,1.0,0.4382,0.0617,0.016,0.0064,0.0016,0.0006,2024
Northwestern,W09,W,9,1.0,0.5618,0.1239,0.0421,0.0176,0.0068,0.0024,2024
Drake,W10,W,10,1.0,0.3993,0.1317,0.0455,0.0094,0.0021,0.0005,2024
Duquesne,W11,W,11,1.0,0.2122,0.0736,0.0207,0.0031,0.0004,0.0002,2024
UAB,W12,W,12,1.0,0.1689,0.0227,0.002,0.0001,0.0001,0.0,2024
Yale,W13,W,13,1.0,0.1651,0.0577,0.0117,0.0031,0.0005,0.0001,2024
Morehead St,W14,W,14,1.0,0.1978,0.0436,0.0072,0.0011,0.0003,0.0,2024
S Dakota St,W15,W,15,1.0,0.1148,0.0259,0.0059,0.0004,0.0001,0.0,2024
Stetson,W16,W,16,1.0,0.0444,0.0082,0.0011,0.0001,0.0,0.0,2024
North Carolina,X01,X,1,1.0,0.8979,0.5391,0.2744,0.1354,0.0547,0.0216,2024
Arizona,X02,X,2,1.0,0.9559,0.7606,0.5072,0.2915,0.1443,0.0676,2024
Baylor,X03,X,3,1.0,0.8114,0.461,0.2038,0.101,0.0396,0.0166,2024
Alabama,X04,X,4,1.0,0.8039,0.5168,0.2945,0.1634,0.0779,0.0361,2024
St Mary's CA,X05,X,5,1.0,0.7182,0.3731,0.2058,0.0989,0.0382,0.0128,2024
Clemson,X06,X,6,1.0,0.3683,0.1754,0.0632,0.0212,0.0065,0.0013,2024
Dayton,X07,X,7,1.0,0.645,0.1607,0.0664,0.0247,0.0061,0.0012,2024
Mississippi St,X08,X,8,1.0,0.5251,0.2529,0.1048,0.0436,0.0132,0.0046,2024
Michigan St,X09,X,9,1.0,0.4749,0.1929,0.0897,0.0444,0.0163,0.0052,2024
Nevada,X10,X,10,1.0,0.355,0.07,0.0242,0.0074,0.0011,0.0001,2024
New Mexico,X11,X,11,1.0,0.6317,0.3217,0.1261,0.0607,0.0226,0.0086,2024
Grand Canyon,X12,X,12,1.0,0.2818,0.0414,0.0108,0.0019,0.0,0.0,2024
Col Charleston,X13,X,13,1.0,0.1961,0.0687,0.0185,0.0045,0.0009,0.0001,2024
Colgate,X14,X,14,1.0,0.1886,0.0419,0.0076,0.001,0.0001,0.0,2024
Long Beach St,X15,X,15,1.0,0.0441,0.0087,0.0015,0.0002,0.0,0.0,2024
Wagner,X16b,X,16,1.0,0.1021,0.0151,0.0015,0.0002,0.0,0.0,2024
Purdue,Y01,Y,1,1.0,0.9437,0.7755,0.5273,0.3658,0.1599,0.0787,2024
Tennessee,Y02,Y,2,1.0,0.8929,0.5434,0.3403,0.1559,0.0593,0.025,2024
Creighton,Y03,Y,3,1.0,0.8971,0.5352,0.2576,0.1068,0.0338,0.0159,2024
Kansas,Y04,Y,4,1.0,0.7316,0.4038,0.132,0.057,0.0179,0.0047,2024
Gonzaga,Y05,Y,5,1.0,0.848,0.4885,0.219,0.1179,0.0418,0.017,2024
South Carolina,Y06,Y,6,1.0,0.578,0.2572,0.091,0.0301,0.0062,0.0011,2024
Texas,Y07,Y,7,1.0,0.7373,0.3589,0.2233,0.0947,0.0344,0.0136,2024
Utah St,Y08,Y,8,1.0,0.3494,0.0625,0.0211,0.0067,0.0014,0.0002,2024
TCU,Y09,Y,9,1.0,0.6506,0.1554,0.0742,0.0351,0.0103,0.0028,2024
Colorado St,Y10a,Y,10,1.0,0.2627,0.0821,0.0244,0.0055,0.0012,0.0001,2024
Oregon,Y11,Y,11,1.0,0.422,0.1761,0.0556,0.0162,0.0032,0.0006,2024
McNeese St,Y12,Y,12,1.0,0.152,0.06,0.0173,0.0053,0.001,0.0002,2024
Samford,Y13,Y,13,1.0,0.2684,0.0477,0.0087,0.0018,0.0,0.0,2024
Akron,Y14,Y,14,1.0,0.1029,0.0315,0.0064,0.0012,0.0,0.0,2024
St Peter's,Y15,Y,15,1.0,0.1071,0.0156,0.0014,0.0,0.0,0.0,2024
Grambling,Y16a,Y,16,1.0,0.0563,0.0066,0.0004,0.0,0.0,0.0,2024
Houston,Z01,Z,1,1.0,0.979,0.8389,0.6269,0.4704,0.3624,0.2327,2024
Marquette,Z02,Z,2,1.0,0.834,0.5733,0.3526,0.1448,0.0781,0.0372,2024
Kentucky,Z03,Z,3,1.0,0.8609,0.5264,0.258,0.1006,0.0542,0.0257,2024
Duke,Z04,Z,4,1.0,0.8366,0.5823,0.226,0.1205,0.0693,0.0344,2024
Wisconsin,Z05,Z,5,1.0,0.5376,0.2448,0.057,0.0257,0.0108,0.0042,2024
Texas Tech,Z06,Z,6,1.0,0.7005,0.3433,0.1652,0.0449,0.0196,0.0071,2024
Florida,Z07,Z,7,1.0,0.5092,0.2094,0.0957,0.0282,0.0109,0.0035,2024
Nebraska,Z08,Z,8,1.0,0.5751,0.1036,0.0474,0.0217,0.009,0.0027,2024
Texas A&M,Z09,Z,9,1.0,0.4249,0.053,0.0204,0.0071,0.0028,0.0009,2024
Colorado,Z10b,Z,10,1.0,0.4908,0.1853,0.0854,0.0243,0.0096,0.0022,2024
NC State,Z11,Z,11,1.0,0.2995,0.1015,0.0325,0.0046,0.0008,0.0001,2024
James Madison,Z12,Z,12,1.0,0.4624,0.1356,0.0181,0.0057,0.0019,0.0003,2024
Vermont,Z13,Z,13,1.0,0.1634,0.0373,0.0035,0.0007,0.0002,0.0,2024
Oakland,Z14,Z,14,1.0,0.1391,0.0288,0.0041,0.0001,0.0,0.0,2024
WKU,Z15,Z,15,1.0,0.166,0.032,0.0065,0.0007,0.0,0.0,2024
Longwood,Z16,Z,16,1.0,0.021,0.0045,0.0007,0.0,0.0,0.0,2024
Duke,W01,W,1,1.0,0.9796,0.8019,0.6394,0.4657,0.2917,0.1937,2025
Alabama,W02,W,2,1.0,0.9672,0.6979,0.4232,0.1861,0.0827,0.0393,2025
Wisconsin,W03,W,3,1.0,0.9061,0.5328,0.2758,0.1114,0.0429,0.0203,2025
Arizona,W04,W,4,1.0,0.8323,0.5341,0.1582,0.0778,0.0271,0.0092,2025
Oregon,W05,W,5,1.0,0.6296,0.2837,0.075,0.0283,0.0087,0.0022,2025
BYU,W06,W,6,1.0,0.6507,0.2844,0.1404,0.0438,0.0126,0.0044,2025
St Mary's CA,W07,W,7,1.0,0.5941,0.1886,0.0795,0.0218,0.0055,0.0016,2025
Mississippi St,W08,W,8,1.0,0.5693,0.1187,0.0574,0.0228,0.0061,0.0018,2025
Baylor,W09,W,9,1.0,0.4307,0.0768,0.042,0.0169,0.0041,0.0011,2025
Vanderbilt,W10,W,10,1.0,0.4059,0.1065,0.0319,0.0083,0.002,0.0004,2025
VCU,W11,W,11,1.0,0.3493,0.1678,0.0471,0.0098,0.0017,0.0007,2025
Liberty,W12,W,12,1.0,0.3704,0.1252,0.019,0.0056,0.0006,0.0002,2025
Akron,W13,W,13,1.0,0.1677,0.057,0.0087,0.0016,0.0003,0.0002,2025
Montana,W14,W,14,1.0,0.0939,0.015,0.0013,0.0,0.0,0.0,2025
Robert Morris,W15,W,15,1.0,0.0328,0.007,0.0008,0.0001,0.0,0.0,2025
Mt St Mary's,W16b,W,16,1.0,0.0204,0.0026,0.0003,0.0,0.0,0.0,2025
Houston,X01,X,1,1.0,0.9816,0.7326,0.5306,0.3645,0.2335,0.1507,2025
Tennessee,X02,X,2,1.0,0.9422,0.6397,0.4418,0.196,0.0908,0.0427,2025
Kentucky,X03,X,3,1.0,0.8955,0.5706,0.227,0.0941,0.0415,0.0175,2025
Purdue,X04,X,4,1.0,0.7923,0.5265,0.216,0.1204,0.0608,0.0309,2025
Clemson,X05,X,5,1.0,0.8191,0.379,0.1005,0.0424,0.0157,0.0056,2025
Illinois,X06,X,6,1.0,0.5394,0.1987,0.07,0.0251,0.011,0.0037,2025
UCLA,X07,X,7,1.0,0.7213,0.2917,0.1684,0.0585,0.0223,0.0082,2025
Gonzaga,X08,X,8,1.0,0.6625,0.2032,0.1172,0.0661,0.0285,0.0122,2025
Georgia,X09,X,9,1.0,0.3375,0.0634,0.0267,0.0093,0.0027,0.001,2025
Utah St,X10,X,10,1.0,0.2787,0.0615,0.021,0.0034,0.0007,0.0002,2025
Xavier,X11b,X,11,1.0,0.4606,0.2104,0.0681,0.0173,0.0062,0.0016,2025
McNeese St,X12,X,12,1.0,0.1809,0.0462,0.0038,0.0014,0.0002,0.0,2025
High Point,X13,X,13,1.0,0.2077,0.0483,0.0051,0.0012,0.0001,0.0001,2025
Troy,X14,X,14,1.0,0.1045,0.0203,0.0024,0.0,0.0,0.0,2025
Wofford,X15,X,15,1.0,0.0578,0.0071,0.0013,0.0003,0.0,0.0,2025
SIUE,X16,X,16,1.0,0.0184,0.0008,0.0001,0.0,0.0,0.0,2025
Auburn,Y01,Y,1,1.0,0.9635,0.7484,0.6041,0.4361,0.2765,0.154,2025
Michigan St,Y02,Y,2,1.0,0.881,0.5845,0.3301,0.1502,0.0683,0.0263,2025
Iowa St,Y03,Y,3,1.0,0.8226,0.3897,0.1872,0.074,0.0261,0.0072,2025
Texas A&M,Y04,Y,4,1.0,0.8247,0.487,0.1428,0.0634,0.0219,0.0047,2025
Michigan,Y05,Y,5,1.0,0.6972,0.3754,0.1207,0.0497,0.0181,0.0047,2025
Mississippi,Y06,Y,6,1.0,0.3744,0.2108,0.1035,0.0387,0.0137,0.0037,2025
Marquette,Y07,Y,7,1.0,0.6966,0.313,0.1527,0.0615,0.0258,0.0098,2025
Louisville,Y08,Y,8,1.0,0.6632,0.1438,0.0715,0.0285,0.0092,0.0021,2025
Creighton,Y09,Y,9,1.0,0.3368,0.1043,0.0392,0.0095,0.0016,0.0001,2025
New Mexico,Y10,Y,10,1.0,0.3034,0.08,0.0247,0.0053,0.0012,0.0001,2025
North Carolina,Y11a,Y,11,1.0,0.6256,0.3706,0.1942,0.0762,0.0266,0.0084,2025
UC San Diego,Y12,Y,12,1.0,0.3028,0.1007,0.0175,0.0051,0.0009,0.0001,2025
Yale,Y13,Y,13,1.0,0.1753,0.0369,0.0037,0.0006,0.0,0.0,2025
Lipscomb,Y14,Y,14,1.0,0.1774,0.0289,0.0045,0.0007,0.0001,0.0,2025
Bryant,Y15,Y,15,1.0,0.119,0.0225,0.0031,0.0005,0.0001,0.0,2025
Alabama St,Y16a,Y,16,1.0,0.0365,0.0035,0.0005,0.0,0.0,0.0,2025
Florida,Z01,Z,1,1.0,0.9774,0.7302,0.5359,0.3426,0.2002,0.1018,2025
St John's,Z02,Z,2,1.0,0.8572,0.5094,0.1918,0.0729,0.0288,0.0083,2025
Texas Tech,Z03,Z,3,1.0,0.9388,0.5887,0.4144,0.2329,0.1311,0.0645,2025
Maryland,Z04,Z,4,1.0,0.792,0.6201,0.258,0.1324,0.064,0.0253,2025
Memphis,Z05,Z,5,1.0,0.3585,0.0789,0.0117,0.0028,0.0008,0.0002,2025
Missouri,Z06,Z,6,1.0,0.6354,0.311,0.2011,0.0803,0.0366,0.0148,2025
Kansas,Z07,Z,7,1.0,0.8358,0.4034,0.1415,0.0634,0.0254,0.0095,2025
Connecticut,Z08,Z,8,1.0,0.4844,0.1364,0.069,0.024,0.0083,0.0022,2025
Oklahoma,Z09,Z,9,1.0,0.5156,0.1307,0.065,0.0222,0.0079,0.0019,2025
Arkansas,Z10,Z,10,1.0,0.1642,0.064,0.0199,0.0047,0.0012,0.0003,2025
Drake,Z11,Z,11,1.0,0.3646,0.0964,0.0293,0.0072,0.0016,0.0003,2025
Colorado St,Z12,Z,12,1.0,0.6415,0.2283,0.0521,0.013,0.0035,0.0002,2025
Grand Canyon,Z13,Z,13,1.0,0.208,0.0727,0.0079,0.0016,0.0005,0.0,2025
UNC Wilmington,Z14,Z,14,1.0,0.0612,0.0039,0.0005,0.0,0.0,0.0,2025
NE Omaha,Z15,Z,15,1.0,0.1428,0.0232,0.0015,0.0,0.0,0.0,2025
Norfolk St,Z16,Z,16,1.0,0.0226,0.0027,0.0004,0.0,0.0,0.0,2025
