Season,ATeamName,BTeamName,ATeamID,BTeamID,Region_A,Region_B,Seed_A,Seed_B,KPI #_A,KPI #_B,SOS_A,SOS_B,NET RPI_A,NET RPI_B,RESUME_A,RESUME_B,WAB RANK_A,WAB RANK_B,ELO_A,ELO_B,Q1 W_A,Q1 W_B,Q1 PLUS Q2 W_A,Q1 PLUS Q2 W_B,Q3 Q4 L_A,Q3 Q4 L_B,R SCORE_A,R SCORE_B,ADJOE_A,ADJOE_B,ADJDE_A,ADJDE_B,BARTHAG_A,BARTHAG_B,EFG_D_A,EFG_D_B,FTR_A,FTR_B,FTRD_A,FTRD_B,2P_O_A,2P_O_B,2P_D_A,2P_D_B,3P_O_A,3P_O_B,3P_D_A,3P_D_B,WAB_A,WAB_B,QUAD ID_A,QUAD ID_B,KADJ T_A,KADJ T_B,KADJ EM_A,KADJ EM_B,EFG%_A,EFG%_B,TOV%_A,TOV%_B,TOV%D_A,TOV%D_B,OREB%_A,OREB%_B,DREB%_A,DREB%_B,OP OREB%_A,OP OREB%_B,OP DREB%_A,OP DREB%_B,BLK%_A,BLK%_B,BLKED%_A,BLKED%_B,AST%_A,AST%_B,OP AST%_A,OP AST%_B,AVG HGT_A,AVG HGT_B,EFF HGT_A,EFF HGT_B,EXP_A,EXP_B,TALENT_A,TALENT_B,FT%_A,FT%_B,PPPO_A,PPPO_B,PPPD_A,PPPD_B,ELITE SOS_A,ELITE SOS_B,AProb,FProb,SProb,Lift,Selected,Round
2025,Akron,Arizona,1103,1112,W,W,13.0,4.0,0.161,0.273,-0.061,0.189,91.0,12.0,112.0,10.0,65.0,15.0,45.0,25.0,0.0,9.0,1.0,14.0,3.0,0.0,0.02,99.69,113.7,123.9,106.8,96.5,0.6717,0.9469,49.5,48.6,26.8,36.6,33.7,29.2,55.8,55.1,50.6,47.2,36.6,32.4,31.9,33.6,-1.8,5.4,2.0,2.0,71.4456,69.9324,6.57261,25.7423,55.4,52.9,16.6,16.2,17.2,16.6,33.3,35.9,71.0,71.5,29.0,28.5,66.7,64.1,9.8,12.0,7.0,6.7,58.5,56.7,44.7,53.2,75.063,77.892,77.508,80.498,2.383,1.92,16.228,66.268,74.9,78.4,1.156,1.156,1.045,1.025,9.759,44.259,0.17044536656565396,0.829554633434346,0.7829999999999999,0.06477971108731567,Arizona,Round 1
2025,Alabama,Robert Morris,1104,1352,W,W,2.0,15.0,0.473,0.082,0.284,-0.085,6.0,140.0,2.0,148.0,4.0,93.0,8.0,68.0,11.0,0.0,19.0,2.0,0.0,7.0,99.92,0.0,127.6,105.9,96.4,105.0,0.9621,0.5238,47.9,50.3,40.1,38.4,33.9,30.0,59.7,50.7,48.8,49.8,35.0,34.9,30.8,34.2,9.8,-4.3,2.0,2.0,74.9404,67.8393,29.9064,2.08242,56.3,51.3,16.7,18.5,13.5,18.8,34.7,35.3,70.8,71.7,29.2,28.3,65.3,64.7,10.1,11.9,12.2,9.4,54.1,60.7,43.8,51.4,78.074,76.665,82.581,79.54,1.819,1.898,58.572,0.2,71.6,72.0,1.187,1.098,1.06,1.016,46.471,8.247,0.9636544247860781,0.9636544247860781,0.9,0.09256287826404752,Alabama,Round 1
2025,Alabama St,Auburn,1106,1120,Y,Y,16.0,1.0,-0.085,0.525,-0.133,0.259,274.0,2.0,265.0,1.0,200.0,1.0,196.0,5.0,0.0,15.0,0.0,22.0,9.0,0.0,0.0,99.95,100.5,129.0,109.6,93.7,0.2698,0.9756,50.3,46.0,29.9,33.5,38.7,39.2,45.4,56.1,50.4,47.2,32.9,36.8,33.4,29.2,-10.2,12.5,4.0,4.0,67.824,67.6684,-9.235,35.0385,47.1,55.7,13.2,13.4,18.6,17.4,28.3,34.3,68.9,69.7,31.1,30.3,71.7,65.7,8.4,16.5,9.1,7.5,45.4,55.5,50.3,40.2,76.5,78.431,79.666,81.057,2.346,2.573,4.049,34.433,69.8,74.0,1.041,1.213,1.046,1.007,11.608,45.564,0.04267148274810534,0.9573285172518946,0.9540000000000001,0.004889201122922571,Auburn,Round 1
2025,Arkansas,Kansas,1116,1242,Z,Z,10.0,7.0,0.216,0.279,0.167,0.197,42.0,20.0,37.0,23.0,43.0,25.0,53.0,46.0,5.0,6.0,9.0,13.0,0.0,0.0,76.84,98.64,111.9,116.1,95.4,93.0,0.8616,0.9274,48.3,46.2,35.5,24.3,29.4,28.0,54.4,53.4,48.5,46.1,33.3,35.2,31.9,30.9,1.2,4.1,3.0,3.0,69.4097,68.4297,17.6925,23.2603,52.7,53.1,16.5,16.7,17.5,15.6,27.6,30.4,71.7,72.5,28.3,27.5,72.4,69.6,15.4,13.1,7.1,9.0,53.2,60.9,48.6,52.8,78.136,77.963,81.87,82.013,1.364,2.526,74.808,65.96,73.4,71.1,1.083,1.09,1.006,0.991,36.561,41.748,0.16514778346530556,0.8348522165346944,0.596,0.32594081715849477,Kansas,Round 1
2025,BYU,VCU,1140,1433,W,W,6.0,11.0,0.253,0.245,0.117,0.021,25.0,30.0,21.0,69.0,21.0,45.0,16.0,17.0,7.0,2.0,14.0,8.0,0.0,1.0,98.77,74.65,125.4,116.2,99.1,96.0,0.9377,0.9002,50.6,44.4,30.2,32.2,29.5,36.1,58.6,54.2,49.3,43.6,37.1,33.5,34.8,30.6,4.8,1.1,2.0,2.0,67.3028,66.1584,22.3965,20.7041,57.2,52.4,17.6,16.8,17.2,20.6,33.3,36.7,73.9,70.0,26.1,30.0,66.7,63.3,9.8,15.6,8.5,7.7,59.9,56.5,52.2,46.1,78.157,78.096,80.606,81.568,1.889,2.233,35.971,34.315,70.5,74.5,1.173,1.146,1.027,0.938,35.191,16.375,0.6414169298696538,0.6414169298696538,0.659,-0.02368185289819444,BYU,Round 1
2025,Baylor,Mississippi St,1124,1280,W,W,9.0,8.0,0.194,0.271,0.17,0.188,31.0,34.0,40.0,29.0,39.0,31.0,63.0,52.0,5.0,7.0,12.0,13.0,1.0,0.0,79.67,92.27,120.5,118.3,99.3,98.8,0.9027,0.8888,51.2,51.9,31.0,31.6,33.5,35.4,51.2,55.2,49.8,50.1,34.7,31.4,35.4,36.1,2.0,3.0,2.0,2.0,64.5974,68.2016,21.1589,20.0867,51.5,51.7,16.1,15.1,18.8,19.0,35.6,34.1,68.8,70.5,31.2,29.5,64.4,65.9,8.3,14.3,11.0,8.6,53.5,53.3,59.9,53.2,76.961,77.214,79.571,80.466,1.871,2.053,56.146,58.075,74.6,70.0,1.132,1.131,1.044,1.052,42.981,38.324,0.4178216460790417,0.5821783539209583,0.532,0.06700781969142164,Mississippi St,Round 1
2025,Bryant,Michigan St,1136,1277,Y,Y,15.0,2.0,0.015,0.406,-0.099,0.182,139.0,11.0,206.0,6.0,140.0,8.0,110.0,6.0,0.0,13.0,0.0,18.0,7.0,0.0,0.0,99.89,105.8,116.8,105.3,91.8,0.5112,0.941,47.7,46.1,30.4,37.8,30.0,33.1,51.5,53.6,47.3,49.1,33.4,30.8,32.2,27.9,-7.1,7.8,4.0,4.0,72.5242,67.7809,1.17756,27.5664,51.0,51.2,16.5,16.6,16.4,16.4,34.2,35.3,71.2,75.4,28.8,24.6,65.8,64.7,14.8,13.3,5.7,7.8,48.7,61.6,42.9,53.4,78.792,78.039,80.395,81.913,2.502,1.752,33.52,74.743,71.8,78.1,1.095,1.125,1.015,0.968,9.31,34.707,0.12647529167952792,0.873524708320472,0.9,-0.037815725824880575,Michigan St,Round 1
2025,Clemson,McNeese St,1155,1270,X,X,5.0,12.0,0.301,0.138,0.1,-0.061,22.0,59.0,35.0,110.0,18.0,58.0,10.0,32.0,5.0,0.0,13.0,1.0,1.0,2.0,98.72,0.6,118.3,113.4,94.8,100.7,0.9272,0.7962,48.9,47.5,28.2,35.7,27.6,31.4,52.3,53.2,49.3,46.9,37.2,35.6,32.2,32.2,4.9,-0.9,1.0,1.0,64.3278,65.427,23.9175,13.6921,53.6,53.3,15.7,16.2,20.1,21.6,33.7,34.7,70.1,68.7,29.9,31.3,66.3,65.3,10.4,11.8,8.1,8.8,52.3,50.1,43.7,55.0,77.87,76.833,81.701,78.891,2.503,2.515,51.614,25.961,76.6,70.7,1.148,1.144,0.988,0.974,26.367,12.768,0.8169148929745973,0.8169148929745973,0.722,0.13082437485356668,Clemson,Round 1
2025,Colorado St,Memphis,1161,1272,Z,Z,12.0,5.0,0.215,0.332,0.069,0.091,46.0,51.0,55.0,34.0,47.0,19.0,22.0,12.0,3.0,6.0,10.0,11.0,2.0,2.0,43.19,90.46,116.9,111.7,98.6,98.7,0.8761,0.8059,48.5,48.5,31.8,39.4,33.6,33.6,56.5,52.0,47.7,48.6,36.6,38.0,33.1,32.2,0.9,4.9,3.0,3.0,66.0287,70.8385,17.2994,15.1407,55.8,53.6,17.4,19.2,16.7,19.1,26.4,35.1,74.7,67.7,25.3,32.3,73.6,64.9,8.0,13.1,8.1,9.4,62.8,52.0,47.2,54.1,77.024,77.013,79.53,80.871,2.033,2.425,33.82,53.401,77.5,70.2,1.122,1.112,1.0,1.016,22.886,23.012,0.6468156713883254,0.3531843286116746,0.722,-0.4945730003126436,Colorado St,Round 1
2025,Connecticut,Oklahoma,1163,1328,Z,Z,8.0,9.0,0.21,0.218,0.083,0.169,32.0,43.0,26.0,22.0,36.0,37.0,34.0,60.0,5.0,7.0,13.0,11.0,1.0,1.0,95.27,81.59,121.6,117.7,102.0,100.9,0.8829,0.8549,48.3,51.1,30.6,39.6,40.0,35.8,57.3,54.6,46.0,54.9,35.4,37.0,35.1,30.5,2.2,2.1,3.0,3.0,63.7849,68.6051,19.3318,18.345,55.5,54.9,17.1,17.3,15.5,18.1,35.6,26.5,72.6,68.3,27.4,31.7,64.4,73.5,17.9,6.8,8.9,10.4,64.0,52.0,44.2,47.3,78.167,77.138,80.841,80.403,1.638,2.256,87.492,48.517,79.1,79.4,1.182,1.126,1.039,1.069,30.085,39.435,0.5075325607405148,0.5075325607405148,0.532,-0.03262964238070167,Connecticut,Round 1
2025,Creighton,Louisville,1166,1257,Y,Y,9.0,8.0,0.226,0.314,0.117,0.125,39.0,23.0,32.0,38.0,29.0,13.0,28.0,9.0,6.0,5.0,11.0,15.0,0.0,0.0,92.27,97.89,117.3,118.3,98.2,94.7,0.8852,0.9288,47.0,49.2,28.5,34.5,16.9,26.8,60.5,57.0,45.8,48.3,33.9,33.0,32.7,33.7,3.1,5.5,4.0,4.0,67.1073,68.826,18.7025,22.6465,55.8,53.4,18.1,16.5,11.7,18.6,26.9,32.2,72.8,72.8,27.2,27.2,73.1,67.8,10.7,8.1,10.9,9.7,63.4,51.9,43.3,46.6,78.968,78.008,83.115,81.168,1.954,2.555,59.745,20.225,73.3,74.4,1.105,1.135,1.021,0.995,31.577,29.98,0.3431205610260875,0.6568794389739125,0.532,0.1672671526061512,Louisville,Round 1
2025,Drake,Missouri,1179,1281,Z,Z,11.0,6.0,0.242,0.271,-0.016,0.156,58.0,16.0,74.0,24.0,35.0,30.0,14.0,44.0,2.0,7.0,6.0,10.0,3.0,0.0,30.63,98.55,112.5,127.0,98.5,100.0,0.8229,0.9344,51.7,50.7,43.0,46.8,35.8,35.3,54.6,56.7,54.3,51.1,35.0,37.0,31.8,33.4,2.3,3.0,3.0,3.0,58.8833,68.279,14.1426,24.3888,53.8,56.2,18.6,15.2,22.1,20.0,36.0,33.7,74.2,67.8,25.8,32.2,64.0,66.3,8.5,7.5,7.7,10.5,54.2,49.5,48.0,48.3,77.41,78.276,79.116,81.594,2.226,2.197,0.2,66.184,70.7,72.5,1.132,1.203,0.984,1.052,12.625,36.393,0.33784631206088117,0.6621536879391188,0.659,0.004253665755346553,Missouri,Round 1
2025,Duke,Mt St Mary's,1181,1291,W,W,1.0,16.0,0.417,-0.004,0.122,-0.092,1.0,234.0,9.0,264.0,5.0,160.0,3.0,153.0,9.0,0.0,16.0,0.0,0.0,9.0,99.97,0.0,128.5,99.4,91.3,107.5,0.9807,0.2903,44.5,48.0,32.1,31.0,25.4,26.7,58.0,50.1,43.4,48.7,37.7,34.9,30.9,31.4,9.6,-8.2,2.0,2.0,65.803,67.4378,38.1518,-6.67224,57.4,51.0,14.4,21.7,17.7,15.9,35.2,31.1,73.5,71.7,26.5,28.3,64.8,68.9,10.6,7.9,9.7,9.5,58.1,60.6,51.4,52.3,79.763,77.043,82.221,80.419,0.968,2.013,80.734,0.853,78.4,73.0,1.242,1.014,0.93,1.022,30.63,8.934,0.9812414416357114,0.9812414416357114,0.9540000000000001,0.04023366459109756,Duke,Round 1
2025,Florida,Norfolk St,1196,1313,Z,Z,1.0,16.0,0.46,0.011,0.186,-0.126,3.0,183.0,4.0,161.0,3.0,114.0,2.0,120.0,11.0,0.0,20.0,1.0,0.0,6.0,99.95,0.0,127.7,106.2,94.0,109.0,0.9713,0.4254,45.3,49.7,32.6,39.0,33.0,34.9,56.4,54.5,45.9,48.9,35.5,31.3,29.6,33.9,11.1,-5.3,3.0,3.0,69.5912,66.4103,35.8258,-1.52118,55.0,52.4,15.0,18.3,17.0,18.6,38.1,32.8,71.2,66.2,28.8,33.8,61.9,67.2,12.3,9.0,8.6,9.3,52.4,49.3,46.4,59.2,78.018,76.741,82.097,80.249,1.887,2.602,28.619,7.466,71.8,75.3,1.206,1.103,0.977,1.046,37.75,12.001,0.9774386692158926,0.9774386692158926,0.9540000000000001,0.03458662955492642,Florida,Round 1
2025,Georgia,Gonzaga,1208,1211,X,X,9.0,8.0,0.225,0.272,0.18,0.084,33.0,8.0,33.0,47.0,38.0,33.0,54.0,18.0,4.0,4.0,9.0,10.0,0.0,0.0,90.79,97.62,115.9,123.3,95.8,96.4,0.8999,0.9441,47.2,47.5,39.8,30.9,30.4,28.6,53.8,57.8,47.8,49.1,33.5,34.4,30.9,30.2,2.0,2.7,1.0,1.0,66.4963,70.2431,19.3641,27.2891,52.5,55.7,18.8,13.2,18.0,18.2,36.1,32.7,68.2,73.6,31.8,26.4,63.9,67.3,14.7,8.3,9.3,8.1,47.6,61.9,48.8,48.5,78.786,77.317,81.87,80.873,1.393,2.522,64.946,61.194,71.7,80.1,1.103,1.215,1.011,0.977,37.778,26.112,0.33536253993414805,0.664637460065852,0.532,0.17773139641625196,Gonzaga,Round 1
2025,Grand Canyon,Maryland,1213,1268,Z,Z,13.0,4.0,0.11,0.304,-0.083,0.13,92.0,10.0,123.0,18.0,70.0,22.0,55.0,21.0,0.0,8.0,1.0,14.0,3.0,0.0,0.01,99.67,108.5,117.8,99.5,92.0,0.7316,0.9449,47.0,47.0,43.9,32.9,32.2,25.9,53.2,52.7,46.4,47.6,31.6,37.2,32.1,30.7,-2.5,4.6,3.0,3.0,71.5151,69.8717,7.21812,26.3341,51.2,53.8,18.4,14.5,20.6,20.2,32.5,31.0,71.4,72.8,28.6,27.2,67.5,69.0,13.0,12.0,8.7,6.4,52.1,50.4,48.4,49.4,77.889,77.5,80.515,80.919,2.47,1.64,26.711,66.049,73.5,75.5,1.077,1.151,0.956,0.944,10.398,31.337,0.20623474174221446,0.7937652582577855,0.7829999999999999,0.014904657701629964,Maryland,Round 1
2025,High Point,Purdue,1219,1345,X,X,13.0,4.0,0.145,0.332,-0.093,0.234,82.0,19.0,141.0,20.0,64.0,23.0,41.0,36.0,0.0,7.0,1.0,16.0,5.0,0.0,0.03,98.94,117.7,125.0,108.1,100.0,0.7262,0.9289,49.1,52.0,37.6,34.6,36.3,31.0,57.4,55.5,48.9,56.4,36.6,38.5,32.9,30.7,-1.8,4.3,1.0,1.0,66.4904,65.0357,9.31501,23.8002,56.4,56.3,15.3,15.6,16.5,17.8,34.0,31.0,70.1,70.1,29.9,29.9,66.0,69.0,7.2,5.3,8.0,8.8,44.9,57.7,43.1,58.0,77.06,77.045,80.787,80.639,2.445,1.484,17.054,73.946,76.4,73.0,1.211,1.17,1.045,1.068,6.978,38.46,0.20628319698128633,0.7937168030187136,0.7829999999999999,0.014837474345159418,Purdue,Round 1
2025,Houston,SIUE,1222,1188,X,X,1.0,16.0,0.418,-0.053,0.169,-0.154,4.0,213.0,3.0,250.0,2.0,155.0,1.0,166.0,13.0,0.0,20.0,0.0,0.0,9.0,99.96,0.0,124.8,101.3,88.0,105.7,0.9823,0.3796,44.9,47.5,28.2,33.1,34.1,33.2,49.0,47.8,43.9,46.3,39.8,34.0,30.9,33.0,11.6,-7.8,1.0,1.0,61.5016,65.8961,35.4439,-4.31392,52.7,48.9,14.6,17.1,21.7,17.3,36.1,31.8,70.7,70.9,29.3,29.1,63.9,68.2,15.8,11.5,6.6,8.0,44.4,51.4,55.0,48.7,76.82,77.165,79.578,80.792,2.278,2.225,75.695,7.282,74.1,67.9,1.167,1.043,0.92,1.004,38.577,8.164,0.9805632309004335,0.9805632309004335,0.9540000000000001,0.039225788700800734,Houston,Round 1
2025,Illinois,Xavier,1228,1462,X,X,6.0,11.0,0.284,0.168,0.194,0.092,17.0,44.0,16.0,60.0,27.0,49.0,40.0,47.0,8.0,1.0,15.0,9.0,0.0,0.0,98.77,55.99,122.2,116.3,98.5,97.8,0.9228,0.8797,47.3,50.6,34.6,37.2,26.8,28.1,57.3,51.3,46.1,50.5,31.1,38.8,33.3,33.9,3.4,0.35,1.0,1.0,71.4016,69.1435,23.5881,17.1723,52.3,53.9,15.8,16.0,12.7,17.6,36.0,25.2,73.7,74.8,26.3,25.2,64.0,74.8,9.1,7.2,8.8,11.3,51.9,63.9,45.8,56.0,78.84,76.997,82.012,80.414,1.177,2.524,74.592,42.959,75.9,79.4,1.15,1.115,1.023,1.013,39.298,28.812,0.5351199695473563,0.5351199695473563,0.659,-0.16596422150653273,Xavier,Round 1
2025,Iowa St,Lipscomb,1235,1252,Y,Y,3.0,14.0,0.28,0.09,0.14,-0.074,9.0,84.0,19.0,142.0,14.0,90.0,27.0,71.0,9.0,0.0,16.0,1.0,0.0,5.0,99.71,0.0,118.9,110.7,92.3,104.0,0.9481,0.6716,48.4,48.6,38.5,31.4,28.9,22.3,55.1,56.7,47.5,49.9,35.8,36.7,33.2,31.0,5.4,-4.1,4.0,4.0,68.6373,65.9466,27.0002,9.48582,54.6,55.9,16.9,14.4,21.8,15.9,32.2,24.0,71.6,73.5,28.4,26.5,67.8,76.0,10.2,7.7,9.3,10.1,53.9,54.4,55.3,39.5,77.854,76.309,81.053,80.035,2.401,2.583,35.926,0.2,75.7,79.6,1.14,1.15,0.965,1.003,36.738,11.694,0.8197266177961333,0.8197266177961333,0.843,-0.03262404214995002,Iowa St,Round 1
2025,Kentucky,Troy,1246,1407,X,X,3.0,14.0,0.349,0.086,0.237,-0.04,15.0,99.0,8.0,146.0,12.0,98.0,29.0,76.0,11.0,0.0,12.0,2.0,0.0,6.0,99.69,0.0,123.9,106.7,98.7,100.6,0.9315,0.6613,50.4,47.2,35.9,37.8,31.0,29.3,55.9,53.9,53.7,46.2,37.4,30.3,30.8,32.6,5.6,-4.5,1.0,1.0,71.013,66.3679,24.2565,6.87801,56.0,50.1,15.2,19.9,14.0,19.8,28.7,38.6,74.1,68.0,25.9,32.0,71.3,61.4,11.3,12.8,8.0,10.3,56.7,55.6,46.3,51.0,78.775,77.8,82.178,80.146,2.329,1.661,46.326,0.2,73.8,72.6,1.17,1.084,1.068,0.988,43.526,14.121,0.8887887340668575,0.8887887340668575,0.843,0.0649208607616496,Kentucky,Round 1
2025,Liberty,Oregon,1251,1332,W,W,12.0,5.0,0.204,0.341,-0.026,0.198,60.0,29.0,100.0,12.0,56.0,16.0,24.0,23.0,0.0,8.0,3.0,16.0,4.0,0.0,1.14,98.64,112.8,115.1,98.2,97.3,0.8308,0.8744,45.9,49.1,30.9,33.4,26.3,27.7,57.7,53.0,48.0,50.0,39.5,34.0,28.0,31.7,-0.3,5.3,2.0,2.0,65.3931,67.673,13.5325,20.149,58.4,52.2,15.3,16.2,16.9,17.6,18.9,30.6,72.0,70.8,28.0,29.2,81.1,69.4,7.8,10.1,9.1,8.8,61.2,54.4,39.4,50.3,75.67,77.427,79.4,81.554,2.265,2.452,2.365,60.009,65.4,76.3,1.115,1.099,0.971,1.023,13.412,35.999,0.36894480163751114,0.6310551983624888,0.722,-0.12300310900774453,Liberty,Round 1
2025,Marquette,New Mexico,1266,1307,Y,Y,7.0,10.0,0.252,0.246,0.134,0.052,27.0,41.0,30.0,46.0,26.0,32.0,42.0,26.0,6.0,4.0,13.0,11.0,0.0,2.0,97.21,76.98,116.7,111.7,96.5,94.9,0.8983,0.8673,49.9,49.2,26.1,37.8,30.2,35.0,54.9,50.6,51.3,48.2,32.5,34.1,31.8,33.8,3.6,2.8,4.0,4.0,67.6373,72.7518,21.5878,17.3279,52.0,50.8,13.5,15.6,21.5,20.5,30.1,31.5,69.0,74.4,31.0,25.6,69.9,68.5,10.9,14.3,8.7,9.5,49.5,51.5,60.1,59.5,77.724,78.318,80.58,81.232,2.084,2.047,62.664,45.924,72.3,68.4,1.12,1.089,0.999,0.964,34.207,24.388,0.6878529221537313,0.6878529221537313,0.596,0.1236172812721808,Marquette,Round 1
2025,Michigan,UC San Diego,1276,1471,Y,Y,5.0,12.0,0.366,0.218,0.206,-0.036,24.0,35.0,7.0,67.0,9.0,44.0,15.0,11.0,12.0,2.0,16.0,4.0,0.0,2.0,99.18,61.96,115.1,113.5,94.4,97.0,0.9072,0.8589,46.3,47.7,35.0,33.8,28.5,29.8,57.7,56.1,45.9,46.2,33.4,36.5,31.3,33.1,6.2,1.2,4.0,4.0,69.6043,65.7295,21.8201,18.7768,54.5,55.4,19.8,13.4,16.0,23.3,33.2,25.6,70.2,71.6,29.8,28.4,66.8,74.4,9.3,7.5,7.5,10.1,58.5,57.3,44.9,51.8,79.111,77.481,83.403,78.923,2.239,2.447,57.267,14.091,72.8,74.6,1.101,1.164,1.002,0.939,37.294,12.106,0.7084233053137192,0.7084233053137192,0.722,-0.01848286453993997,Michigan,Round 1
2025,Mississippi,North Carolina,1279,1314,Y,Y,6.0,11.0,0.304,0.189,0.213,0.162,28.0,36.0,14.0,70.0,20.0,42.0,31.0,43.0,8.0,1.0,13.0,9.0,0.0,1.0,98.79,38.11,117.4,118.8,96.9,99.8,0.9003,0.8814,50.5,49.6,35.6,34.8,39.5,30.0,51.0,54.9,51.6,49.2,34.1,35.3,32.7,33.5,4.8,1.4,4.0,4.0,68.1108,70.5124,22.0726,19.5367,51.1,54.2,12.8,15.1,20.5,15.2,25.4,29.2,69.2,72.9,30.8,27.1,74.6,70.8,12.4,9.7,11.2,10.5,53.5,51.0,58.3,47.5,76.185,76.417,79.496,79.98,2.701,1.623,56.397,87.298,73.8,73.7,1.105,1.134,1.027,1.052,41.324,35.154,0.3678109077985078,0.3678109077985078,0.659,-0.38950993770548126,North Carolina,Round 1
2025,Montana,Wisconsin,1285,1458,W,W,14.0,3.0,0.067,0.311,-0.083,0.17,145.0,14.0,114.0,17.0,77.0,10.0,66.0,19.0,0.0,8.0,1.0,18.0,3.0,0.0,0.0,99.7,112.0,122.4,109.0,96.1,0.5779,0.9418,52.2,47.9,36.2,33.8,31.9,28.1,57.3,54.7,53.1,46.8,36.5,34.9,33.7,33.0,-3.1,5.9,2.0,2.0,67.1057,67.7504,0.39472,26.4425,56.4,53.6,16.2,14.1,15.5,14.5,22.6,28.0,71.0,73.4,29.0,26.6,77.4,72.0,8.1,6.1,8.5,10.8,49.3,54.9,45.6,49.3,76.552,78.113,78.532,81.776,2.148,2.223,0.2,24.761,74.6,82.8,1.114,1.157,1.102,1.023,15.101,35.559,0.09216706100215716,0.9078329389978428,0.843,0.09223992865205621,Wisconsin,Round 1
2025,NE Omaha,St John's,1303,1385,Z,Z,15.0,2.0,0.021,0.343,-0.071,0.086,160.0,13.0,181.0,25.0,132.0,7.0,82.0,4.0,0.0,6.0,0.0,17.0,5.0,0.0,0.0,99.9,112.2,112.6,108.4,89.1,0.5964,0.9364,53.1,46.6,36.4,30.2,37.7,30.4,52.5,51.5,53.5,45.8,36.7,30.4,35.1,31.8,-6.5,7.8,3.0,3.0,67.7809,70.1918,0.511031,26.3752,53.5,49.7,15.7,15.6,14.9,21.9,29.2,37.3,74.6,71.1,25.4,28.9,70.8,62.7,7.3,15.1,8.3,8.3,49.5,53.7,51.5,55.9,77.229,78.209,79.995,80.533,2.432,2.12,0.2,64.078,73.3,68.9,1.126,1.102,1.1,0.922,13.045,27.94,0.1297005379573753,0.8702994620426248,0.9,-0.04239773513842027,St John's,Round 1
2025,St Mary's CA,Vanderbilt,1388,1435,W,W,7.0,10.0,0.298,0.207,0.051,0.159,21.0,48.0,43.0,36.0,24.0,40.0,13.0,61.0,4.0,5.0,10.0,9.0,0.0,0.0,96.87,66.12,115.0,118.6,92.8,101.2,0.9217,0.8621,46.2,52.9,31.4,34.0,25.0,39.0,51.8,53.6,45.8,51.5,32.6,32.5,31.2,36.9,4.1,1.5,2.0,2.0,61.7537,69.5281,23.0917,16.1626,50.9,51.7,15.1,14.7,16.6,20.0,40.5,32.2,75.1,70.3,24.9,29.7,59.5,67.8,10.4,11.4,7.2,11.4,57.1,50.1,54.1,47.3,78.408,76.255,81.447,78.997,1.982,1.973,48.461,36.79,69.5,74.7,1.147,1.13,0.96,1.061,22.682,35.986,0.571255576233726,0.571255576233726,0.596,-0.03309619683583656,St Mary's CA,Round 1
2025,Tennessee,Wofford,1397,1459,X,X,2.0,15.0,0.416,0.055,0.22,-0.006,5.0,131.0,5.0,137.0,6.0,193.0,7.0,133.0,11.0,0.0,16.0,2.0,0.0,10.0,99.91,0.0,119.3,111.5,91.1,109.7,0.957,0.5466,44.4,51.8,35.4,31.1,29.4,36.2,54.1,54.6,46.7,51.8,34.0,34.5,27.8,34.5,9.3,-9.7,1.0,1.0,63.6241,64.1094,31.4386,4.15908,52.8,53.3,16.0,16.9,17.8,14.9,35.4,35.5,69.9,73.8,30.1,26.2,64.6,64.5,16.1,8.8,9.1,9.7,60.2,55.0,46.5,49.3,77.149,76.156,81.352,79.167,2.65,2.088,51.743,0.2,74.3,66.8,1.142,1.128,0.963,1.086,41.282,12.682,0.9361728275643275,0.9361728275643275,0.9,0.052296603133467845,Tennessee,Round 1
2025,Texas A&M,Yale,1401,1463,Y,Y,4.0,13.0,0.33,0.147,0.211,-0.017,18.0,72.0,13.0,127.0,17.0,74.0,30.0,48.0,7.0,0.0,16.0,2.0,0.0,5.0,99.4,0.08,115.7,113.9,93.1,103.7,0.9237,0.7461,48.2,48.8,41.7,32.0,35.3,28.7,48.0,53.4,46.5,47.3,31.1,38.5,33.4,33.7,5.2,-2.7,4.0,4.0,66.2185,67.4019,24.0735,10.9363,47.5,54.8,18.2,14.4,19.7,16.1,42.0,33.2,72.2,74.2,27.8,25.8,58.0,66.8,13.9,11.8,14.8,7.6,47.7,53.4,64.8,58.8,77.361,77.67,79.763,79.601,2.764,1.876,69.423,9.807,69.5,73.6,1.093,1.178,0.999,1.026,39.956,11.606,0.8147019086183266,0.8147019086183266,0.7829999999999999,0.044018394815563744,Texas A&M,Round 1
2025,Texas Tech,UNC Wilmington,1403,1423,Z,Z,3.0,14.0,0.298,0.117,0.124,-0.068,7.0,102.0,15.0,174.0,11.0,80.0,20.0,57.0,9.0,0.0,13.0,0.0,0.0,6.0,99.83,0.0,126.0,112.2,96.7,106.8,0.9546,0.639,48.0,50.9,29.7,37.8,33.5,30.3,54.3,53.8,48.2,50.4,37.9,33.0,31.7,34.4,5.8,-3.3,3.0,3.0,65.4879,65.3908,28.0555,5.14288,55.5,52.2,14.8,16.0,17.4,17.4,34.3,35.4,71.5,71.9,28.5,28.1,65.7,64.6,8.1,10.6,8.0,9.5,58.5,54.4,45.0,48.3,76.407,77.644,79.854,80.484,1.972,2.555,36.947,0.2,76.4,75.3,1.2,1.146,1.002,1.045,35.224,8.683,0.937025844854768,0.937025844854768,0.843,0.13451871064634224,Texas Tech,Round 1
2025,UCLA,Utah St,1417,1429,X,X,7.0,10.0,0.271,0.236,0.141,0.045,26.0,37.0,11.0,51.0,28.0,34.0,37.0,35.0,9.0,2.0,14.0,10.0,1.0,0.0,98.22,73.16,117.9,122.6,95.3,105.2,0.9205,0.8528,50.5,51.8,32.9,37.6,34.6,36.2,53.1,57.7,51.2,52.6,35.2,35.8,33.2,33.8,3.3,2.3,1.0,1.0,64.9617,67.6245,21.7873,15.2291,53.0,56.0,15.9,16.0,22.8,20.2,32.8,34.6,70.8,69.7,29.2,30.3,67.2,65.4,10.5,9.4,7.0,9.5,60.5,61.1,57.8,58.4,78.101,77.29,81.377,80.475,1.849,2.077,70.64,17.856,70.3,70.2,1.123,1.185,0.987,1.047,34.636,23.021,0.7183083867139901,0.7183083867139901,0.596,0.16498433905280518,UCLA,Round 1
2025,Alabama,St Mary's CA,1104,1388,W,W,2.0,7.0,0.473,0.298,0.284,0.051,6.0,21.0,2.0,43.0,4.0,24.0,8.0,13.0,11.0,4.0,19.0,10.0,0.0,0.0,99.92,96.87,127.6,115.0,96.4,92.8,0.9621,0.9217,47.9,46.2,40.1,31.4,33.9,25.0,59.7,51.8,48.8,45.8,35.0,32.6,30.8,31.2,9.8,4.1,2.0,2.0,74.9404,61.7537,29.9064,23.0917,56.3,50.9,16.7,15.1,13.5,16.6,34.7,40.5,70.8,75.1,29.2,24.9,65.3,59.5,10.1,10.4,12.2,7.2,54.1,57.1,43.8,54.1,78.074,78.408,82.581,81.447,1.819,1.982,58.572,48.461,71.6,69.5,1.187,1.147,1.06,0.96,46.471,22.682,0.6884936044971524,0.6884936044971524,0.797,-0.14863979444801756,Alabama,Round 2
2025,Arizona,Liberty,1112,1251,W,W,4.0,12.0,0.273,0.204,0.189,-0.026,12.0,60.0,10.0,100.0,15.0,56.0,25.0,24.0,9.0,0.0,14.0,3.0,0.0,4.0,99.69,1.14,123.9,112.8,96.5,98.2,0.9469,0.8308,48.6,45.9,36.6,30.9,29.2,26.3,55.1,57.7,47.2,48.0,32.4,39.5,33.6,28.0,5.4,-0.3,2.0,2.0,69.9324,65.3931,25.7423,13.5325,52.9,58.4,16.2,15.3,16.6,16.9,35.9,18.9,71.5,72.0,28.5,28.0,64.1,81.1,12.0,7.8,6.7,9.1,56.7,61.2,53.2,39.4,77.892,75.67,80.498,79.4,1.92,2.265,66.268,2.365,78.4,65.4,1.156,1.115,1.025,0.971,44.259,13.412,0.7271739036355326,0.7271739036355326,0.768,-0.05596330900352542,Arizona,Round 2
2025,Auburn,Louisville,1120,1257,Y,Y,1.0,8.0,0.525,0.314,0.259,0.125,2.0,23.0,1.0,38.0,1.0,13.0,5.0,9.0,15.0,5.0,22.0,15.0,0.0,0.0,99.95,97.89,129.0,118.3,93.7,94.7,0.9756,0.9288,46.0,49.2,33.5,34.5,39.2,26.8,56.1,57.0,47.2,48.3,36.8,33.0,29.2,33.7,12.5,5.5,4.0,4.0,67.6684,68.826,35.0385,22.6465,55.7,53.4,13.4,16.5,17.4,18.6,34.3,32.2,69.7,72.8,30.3,27.2,65.7,67.8,16.5,8.1,7.5,9.7,55.5,51.9,40.2,46.6,78.431,78.008,81.057,81.168,2.573,2.555,34.433,20.225,74.0,74.4,1.213,1.135,1.007,0.995,45.564,29.98,0.8001990837938437,0.8001990837938437,0.9059999999999999,-0.1494244802073394,Auburn,Round 2
2025,BYU,Wisconsin,1140,1458,W,W,6.0,3.0,0.253,0.311,0.117,0.17,25.0,14.0,21.0,17.0,21.0,10.0,16.0,19.0,7.0,8.0,14.0,18.0,0.0,0.0,98.77,99.7,125.4,122.4,99.1,96.1,0.9377,0.9418,50.6,47.9,30.2,33.8,29.5,28.1,58.6,54.7,49.3,46.8,37.1,34.9,34.8,33.0,4.8,5.9,2.0,2.0,67.3028,67.7504,22.3965,26.4425,57.2,53.6,17.6,14.1,17.2,14.5,33.3,28.0,73.9,73.4,26.1,26.6,66.7,72.0,9.8,6.1,8.5,10.8,59.9,54.9,52.2,49.3,78.157,78.113,80.606,81.776,1.889,2.223,35.971,24.761,70.5,82.8,1.173,1.157,1.027,1.023,35.191,35.559,0.3799833957461243,0.6200166042538757,0.68,-0.08079712511439371,Wisconsin,Round 2
2025,Clemson,Purdue,1155,1345,X,X,5.0,4.0,0.301,0.332,0.1,0.234,22.0,19.0,35.0,20.0,18.0,23.0,10.0,36.0,5.0,7.0,13.0,16.0,1.0,0.0,98.72,98.94,118.3,125.0,94.8,100.0,0.9272,0.9289,48.9,52.0,28.2,34.6,27.6,31.0,52.3,55.5,49.3,56.4,37.2,38.5,32.2,30.7,4.9,4.3,1.0,1.0,64.3278,65.0357,23.9175,23.8002,53.6,56.3,15.7,15.6,20.1,17.8,33.7,31.0,70.1,70.1,29.9,29.9,66.3,69.0,10.4,5.3,8.1,8.8,52.3,57.7,43.7,58.0,77.87,77.045,81.701,80.639,2.503,1.484,51.614,73.946,76.6,73.0,1.148,1.17,0.988,1.068,26.367,38.46,0.3563778330418742,0.6436221669581258,0.561,0.11070644249839717,Purdue,Round 2
2025,Colorado St,Maryland,1161,1268,Z,Z,12.0,4.0,0.215,0.304,0.069,0.13,46.0,10.0,55.0,18.0,47.0,22.0,22.0,21.0,3.0,8.0,10.0,14.0,2.0,0.0,43.19,99.67,116.9,117.8,98.6,92.0,0.8761,0.9449,48.5,47.0,31.8,32.9,33.6,25.9,56.5,52.7,47.7,47.6,36.6,37.2,33.1,30.7,0.9,4.6,3.0,3.0,66.0287,69.8717,17.2994,26.3341,55.8,53.8,17.4,14.5,16.7,20.2,26.4,31.0,74.7,72.8,25.3,27.2,73.6,69.0,8.0,12.0,8.1,6.4,62.8,50.4,47.2,49.4,77.024,77.5,79.53,80.919,2.033,1.64,33.82,66.049,77.5,75.5,1.122,1.151,1.0,0.944,22.886,31.337,0.23914173027825625,0.7608582697217438,0.768,-0.009827742634339498,Maryland,Round 2
2025,Connecticut,Florida,1163,1196,Z,Z,8.0,1.0,0.21,0.46,0.083,0.186,32.0,3.0,26.0,4.0,36.0,3.0,34.0,2.0,5.0,11.0,13.0,20.0,1.0,0.0,95.27,99.95,121.6,127.7,102.0,94.0,0.8829,0.9713,48.3,45.3,30.6,32.6,40.0,33.0,57.3,56.4,46.0,45.9,35.4,35.5,35.1,29.6,2.2,11.1,3.0,3.0,63.7849,69.5912,19.3318,35.8258,55.5,55.0,17.1,15.0,15.5,17.0,35.6,38.1,72.6,71.2,27.4,28.8,64.4,61.9,17.9,12.3,8.9,8.6,64.0,52.4,44.2,46.4,78.167,78.018,80.841,82.097,1.638,1.887,87.492,28.619,79.1,71.8,1.182,1.206,1.039,0.977,30.085,37.75,0.27845738782043944,0.7215426121795605,0.9059999999999999,-0.2575995301759755,Florida,Round 2
2025,Duke,Mississippi St,1181,1280,W,W,1.0,8.0,0.417,0.271,0.122,0.188,1.0,34.0,9.0,29.0,5.0,31.0,3.0,52.0,9.0,7.0,16.0,13.0,0.0,0.0,99.97,92.27,128.5,118.3,91.3,98.8,0.9807,0.8888,44.5,51.9,32.1,31.6,25.4,35.4,58.0,55.2,43.4,50.1,37.7,31.4,30.9,36.1,9.6,3.0,2.0,2.0,65.803,68.2016,38.1518,20.0867,57.4,51.7,14.4,15.1,17.7,19.0,35.2,34.1,73.5,70.5,26.5,29.5,64.8,65.9,10.6,14.3,9.7,8.6,58.1,53.3,51.4,53.2,79.763,77.214,82.221,80.466,0.968,2.053,80.734,58.075,78.4,70.0,1.242,1.131,0.93,1.052,30.63,38.324,0.8088666646055784,0.8088666646055784,0.9059999999999999,-0.13737084080040762,Duke,Round 2
2025,Gonzaga,Houston,1211,1222,X,X,8.0,1.0,0.272,0.418,0.084,0.169,8.0,4.0,47.0,3.0,33.0,2.0,18.0,1.0,4.0,13.0,10.0,20.0,0.0,0.0,97.62,99.96,123.3,124.8,96.4,88.0,0.9441,0.9823,47.5,44.9,30.9,28.2,28.6,34.1,57.8,49.0,49.1,43.9,34.4,39.8,30.2,30.9,2.7,11.6,1.0,1.0,70.2431,61.5016,27.2891,35.4439,55.7,52.7,13.2,14.6,18.2,21.7,32.7,36.1,73.6,70.7,26.4,29.3,67.3,63.9,8.3,15.8,8.1,6.6,61.9,44.4,48.5,55.0,77.317,76.82,80.873,79.578,2.522,2.278,61.194,75.695,80.1,74.1,1.215,1.167,0.977,0.92,26.112,38.577,0.2977082512013193,0.7022917487986807,0.9059999999999999,-0.2837904955637075,Gonzaga,Round 2
2025,Iowa St,North Carolina,1235,1314,Y,Y,3.0,11.0,0.28,0.189,0.14,0.162,9.0,36.0,19.0,70.0,14.0,42.0,27.0,43.0,9.0,1.0,16.0,9.0,0.0,1.0,99.71,38.11,118.9,118.8,92.3,99.8,0.9481,0.8814,48.4,49.6,38.5,34.8,28.9,30.0,55.1,54.9,47.5,49.2,35.8,35.3,33.2,33.5,5.4,1.4,4.0,4.0,68.6373,70.5124,27.0002,19.5367,54.6,54.2,16.9,15.1,21.8,15.2,32.2,29.2,71.6,72.9,28.4,27.1,67.8,70.8,10.2,9.7,9.3,10.5,53.9,51.0,55.3,47.5,77.854,76.417,81.053,79.98,2.401,1.623,35.926,87.298,75.7,73.7,1.14,1.134,0.965,1.052,36.738,35.154,0.45365643784175674,0.45365643784175674,0.805,-0.47422549477161613,North Carolina,Round 2
2025,Kansas,St John's,1242,1385,Z,Z,7.0,2.0,0.279,0.343,0.197,0.086,20.0,13.0,23.0,25.0,25.0,7.0,46.0,4.0,6.0,6.0,13.0,17.0,0.0,0.0,98.64,99.9,116.1,112.6,93.0,89.1,0.9274,0.9364,46.2,46.6,24.3,30.2,28.0,30.4,53.4,51.5,46.1,45.8,35.2,30.4,30.9,31.8,4.1,7.8,3.0,3.0,68.4297,70.1918,23.2603,26.3752,53.1,49.7,16.7,15.6,15.6,21.9,30.4,37.3,72.5,71.1,27.5,28.9,69.6,62.7,13.1,15.1,9.0,8.3,60.9,53.7,52.8,55.9,77.963,78.209,82.013,80.533,2.526,2.12,65.96,64.078,71.1,68.9,1.09,1.102,0.991,0.922,41.748,27.94,0.428744273784716,0.571255726215284,0.797,-0.3062209737930216,Kansas,Round 2
2025,Kentucky,Xavier,1246,1462,X,X,3.0,11.0,0.349,0.168,0.237,0.092,15.0,44.0,8.0,60.0,12.0,49.0,29.0,47.0,11.0,1.0,12.0,9.0,0.0,0.0,99.69,55.99,123.9,116.3,98.7,97.8,0.9315,0.8797,50.4,50.6,35.9,37.2,31.0,28.1,55.9,51.3,53.7,50.5,37.4,38.8,30.8,33.9,5.6,0.35,1.0,1.0,71.013,69.1435,24.2565,17.1723,56.0,53.9,15.2,16.0,14.0,17.6,28.7,25.2,74.1,74.8,25.9,25.2,71.3,74.8,11.3,7.2,8.0,11.3,56.7,63.9,46.3,56.0,78.775,76.997,82.178,80.414,2.329,2.524,46.326,42.959,73.8,79.4,1.17,1.115,1.068,1.013,43.526,28.812,0.5507827958178486,0.5507827958178486,0.805,-0.34467812486614263,Xavier,Round 2
2025,Marquette,Michigan St,1266,1277,Y,Y,7.0,2.0,0.252,0.406,0.134,0.182,27.0,11.0,30.0,6.0,26.0,8.0,42.0,6.0,6.0,13.0,13.0,18.0,0.0,0.0,97.21,99.89,116.7,116.8,96.5,91.8,0.8983,0.941,49.9,46.1,26.1,37.8,30.2,33.1,54.9,53.6,51.3,49.1,32.5,30.8,31.8,27.9,3.6,7.8,4.0,4.0,67.6373,67.7809,21.5878,27.5664,52.0,51.2,13.5,16.6,21.5,16.4,30.1,35.3,69.0,75.4,31.0,24.6,69.9,64.7,10.9,13.3,8.7,7.8,49.5,61.6,60.1,53.4,77.724,78.039,80.58,81.913,2.084,1.752,62.664,74.743,72.3,78.1,1.12,1.125,0.999,0.968,34.207,34.707,0.3992021761483351,0.6007978238516649,0.797,-0.26670022593686604,Michigan St,Round 2
2025,Michigan,Texas A&M,1276,1401,Y,Y,5.0,4.0,0.366,0.33,0.206,0.211,24.0,18.0,7.0,13.0,9.0,17.0,15.0,30.0,12.0,7.0,16.0,16.0,0.0,0.0,99.18,99.4,115.1,115.7,94.4,93.1,0.9072,0.9237,46.3,48.2,35.0,41.7,28.5,35.3,57.7,48.0,45.9,46.5,33.4,31.1,31.3,33.4,6.2,5.2,4.0,4.0,69.6043,66.2185,21.8201,24.0735,54.5,47.5,19.8,18.2,16.0,19.7,33.2,42.0,70.2,72.2,29.8,27.8,66.8,58.0,9.3,13.9,7.5,14.8,58.5,47.7,44.9,64.8,79.111,77.361,83.403,79.763,2.239,2.764,57.267,69.423,72.8,69.5,1.101,1.093,1.002,0.999,37.294,39.956,0.48677903258665867,0.5132209674133413,0.561,-0.06374980057260077,Texas A&M,Round 2
2025,Missouri,Texas Tech,1281,1403,Z,Z,6.0,3.0,0.271,0.298,0.156,0.124,16.0,7.0,24.0,15.0,30.0,11.0,44.0,20.0,7.0,9.0,10.0,13.0,0.0,0.0,98.55,99.83,127.0,126.0,100.0,96.7,0.9344,0.9546,50.7,48.0,46.8,29.7,35.3,33.5,56.7,54.3,51.1,48.2,37.0,37.9,33.4,31.7,3.0,5.8,3.0,3.0,68.279,65.4879,24.3888,28.0555,56.2,55.5,15.2,14.8,20.0,17.4,33.7,34.3,67.8,71.5,32.2,28.5,66.3,65.7,7.5,8.1,10.5,8.0,49.5,58.5,48.3,45.0,78.276,76.407,81.594,79.854,2.197,1.972,66.184,36.947,72.5,76.4,1.203,1.2,1.052,1.002,36.393,35.224,0.4537438317418392,0.5462561682581608,0.68,-0.17946760477152687,Texas Tech,Round 2
2025,Tennessee,UCLA,1397,1417,X,X,2.0,7.0,0.416,0.271,0.22,0.141,5.0,26.0,5.0,11.0,6.0,28.0,7.0,37.0,11.0,9.0,16.0,14.0,0.0,1.0,99.91,98.22,119.3,117.9,91.1,95.3,0.957,0.9205,44.4,50.5,35.4,32.9,29.4,34.6,54.1,53.1,46.7,51.2,34.0,35.2,27.8,33.2,9.3,3.3,1.0,1.0,63.6241,64.9617,31.4386,21.7873,52.8,53.0,16.0,15.9,17.8,22.8,35.4,32.8,69.9,70.8,30.1,29.2,64.6,67.2,16.1,10.5,9.1,7.0,60.2,60.5,46.5,57.8,77.149,78.101,81.352,81.377,2.65,1.849,51.743,70.64,74.3,70.3,1.142,1.123,0.963,0.987,41.282,34.636,0.6294266872347455,0.6294266872347455,0.797,-0.22830107225719404,Tennessee,Round 2
2025,Alabama,Wisconsin,1104,1458,W,W,2.0,3.0,0.473,0.311,0.284,0.17,6.0,14.0,2.0,17.0,4.0,10.0,8.0,19.0,11.0,8.0,19.0,18.0,0.0,0.0,99.92,99.7,127.6,122.4,96.4,96.1,0.9621,0.9418,47.9,47.9,40.1,33.8,33.9,28.1,59.7,54.7,48.8,46.8,35.0,34.9,30.8,33.0,9.8,5.9,2.0,2.0,74.9404,67.7504,29.9064,26.4425,56.3,53.6,16.7,14.1,13.5,14.5,34.7,28.0,70.8,73.4,29.2,26.6,65.3,72.0,10.1,6.1,12.2,10.8,54.1,54.9,43.8,49.3,78.074,78.113,82.581,81.776,1.819,2.223,58.572,24.761,71.6,82.8,1.187,1.157,1.06,1.023,46.471,35.559,0.5587817891338873,0.5587817891338873,0.609,-0.06717407899036731,Alabama,Round 3 (Sweet Sixteen)
2025,Arizona,Duke,1112,1181,W,W,4.0,1.0,0.273,0.417,0.189,0.122,12.0,1.0,10.0,9.0,15.0,5.0,25.0,3.0,9.0,9.0,14.0,16.0,0.0,0.0,99.69,99.97,123.9,128.5,96.5,91.3,0.9469,0.9807,48.6,44.5,36.6,32.1,29.2,25.4,55.1,58.0,47.2,43.4,32.4,37.7,33.6,30.9,5.4,9.6,2.0,2.0,69.9324,65.803,25.7423,38.1518,52.9,57.4,16.2,14.4,16.6,17.7,35.9,35.2,71.5,73.5,28.5,26.5,64.1,64.8,12.0,10.6,6.7,9.7,56.7,58.1,53.2,51.4,77.892,79.763,80.498,82.221,1.92,0.968,66.268,80.734,78.4,78.4,1.156,1.242,1.025,0.93,44.259,30.63,0.24018230260216486,0.7598176973978351,0.8190000000000001,-0.08197352669791907,Duke,Round 3 (Sweet Sixteen)
2025,Auburn,Texas A&M,1120,1401,Y,Y,1.0,4.0,0.525,0.33,0.259,0.211,2.0,18.0,1.0,13.0,1.0,17.0,5.0,30.0,15.0,7.0,22.0,16.0,0.0,0.0,99.95,99.4,129.0,115.7,93.7,93.1,0.9756,0.9237,46.0,48.2,33.5,41.7,39.2,35.3,56.1,48.0,47.2,46.5,36.8,31.1,29.2,33.4,12.5,5.2,4.0,4.0,67.6684,66.2185,35.0385,24.0735,55.7,47.5,13.4,18.2,17.4,19.7,34.3,42.0,69.7,72.2,30.3,27.8,65.7,58.0,16.5,13.9,7.5,14.8,55.5,47.7,40.2,64.8,78.431,77.361,81.057,79.763,2.573,2.764,34.433,69.423,74.0,69.5,1.213,1.093,1.007,0.999,45.564,39.956,0.8017485686713525,0.8017485686713525,0.8190000000000001,-0.024031095481666098,Auburn,Round 3 (Sweet Sixteen)
2025,Florida,Maryland,1196,1268,Z,Z,1.0,4.0,0.46,0.304,0.186,0.13,3.0,10.0,4.0,18.0,3.0,22.0,2.0,21.0,11.0,8.0,20.0,14.0,0.0,0.0,99.95,99.67,127.7,117.8,94.0,92.0,0.9713,0.9449,45.3,47.0,32.6,32.9,33.0,25.9,56.4,52.7,45.9,47.6,35.5,37.2,29.6,30.7,11.1,4.6,3.0,3.0,69.5912,69.8717,35.8258,26.3341,55.0,53.8,15.0,14.5,17.0,20.2,38.1,31.0,71.2,72.8,28.8,27.2,61.9,69.0,12.3,12.0,8.6,6.4,52.4,50.4,46.4,49.4,78.018,77.5,82.097,80.919,1.887,1.64,28.619,66.049,71.8,75.5,1.206,1.151,0.977,0.944,37.75,31.337,0.665421752928349,0.665421752928349,0.8190000000000001,-0.21046228804511702,Florida,Round 3 (Sweet Sixteen)
2025,Gonzaga,Purdue,1211,1345,X,X,8.0,4.0,0.272,0.332,0.084,0.234,8.0,19.0,47.0,20.0,33.0,23.0,18.0,36.0,4.0,7.0,10.0,16.0,0.0,0.0,97.62,98.94,123.3,125.0,96.4,100.0,0.9441,0.9289,47.5,52.0,30.9,34.6,28.6,31.0,57.8,55.5,49.1,56.4,34.4,38.5,30.2,30.7,2.7,4.3,1.0,1.0,70.2431,65.0357,27.2891,23.8002,55.7,56.3,13.2,15.6,18.2,17.8,32.7,31.0,73.6,70.1,26.4,29.9,67.3,69.0,8.3,5.3,8.1,8.8,61.9,57.7,48.5,58.0,77.317,77.045,80.873,80.639,2.522,1.484,61.194,73.946,80.1,73.0,1.215,1.17,0.977,1.068,26.112,38.46,0.47974585697620964,0.5202541430237904,0.68,-0.2141548913486388,Purdue,Round 3 (Sweet Sixteen)
2025,Kansas,Texas Tech,1242,1403,Z,Z,7.0,3.0,0.279,0.298,0.197,0.124,20.0,7.0,23.0,15.0,25.0,11.0,46.0,20.0,6.0,9.0,13.0,13.0,0.0,0.0,98.64,99.83,116.1,126.0,93.0,96.7,0.9274,0.9546,46.2,48.0,24.3,29.7,28.0,33.5,53.4,54.3,46.1,48.2,35.2,37.9,30.9,31.7,4.1,5.8,3.0,3.0,68.4297,65.4879,23.2603,28.0555,53.1,55.5,16.7,14.8,15.6,17.4,30.4,34.3,72.5,71.5,27.5,28.5,69.6,65.7,13.1,8.1,9.0,8.0,60.9,58.5,52.8,45.0,77.963,76.407,82.013,79.854,2.526,1.972,65.96,36.947,71.1,76.4,1.09,1.2,0.991,1.002,41.748,35.224,0.25628801003946894,0.7437119899605311,0.716,0.03783902356450508,Texas Tech,Round 3 (Sweet Sixteen)
2025,Michigan St,North Carolina,1277,1314,Y,Y,2.0,11.0,0.406,0.189,0.182,0.162,11.0,36.0,6.0,70.0,8.0,42.0,6.0,43.0,13.0,1.0,18.0,9.0,0.0,1.0,99.89,38.11,116.8,118.8,91.8,99.8,0.941,0.8814,46.1,49.6,37.8,34.8,33.1,30.0,53.6,54.9,49.1,49.2,30.8,35.3,27.9,33.5,7.8,1.4,4.0,4.0,67.7809,70.5124,27.5664,19.5367,51.2,54.2,16.6,15.1,16.4,15.2,35.3,29.2,75.4,72.9,24.6,27.1,64.7,70.8,13.3,9.7,7.8,10.5,61.6,51.0,53.4,47.5,78.039,76.417,81.913,79.98,1.752,1.623,74.743,87.298,78.1,73.7,1.125,1.134,0.968,1.052,34.707,35.154,0.5435084470225615,0.5435084470225615,0.865,-0.43860086244119645,North Carolina,Round 3 (Sweet Sixteen)
2025,Tennessee,Xavier,1397,1462,X,X,2.0,11.0,0.416,0.168,0.22,0.092,5.0,44.0,5.0,60.0,6.0,49.0,7.0,47.0,11.0,1.0,16.0,9.0,0.0,0.0,99.91,55.99,119.3,116.3,91.1,97.8,0.957,0.8797,44.4,50.6,35.4,37.2,29.4,28.1,54.1,51.3,46.7,50.5,34.0,38.8,27.8,33.9,9.3,0.35,1.0,1.0,63.6241,69.1435,31.4386,17.1723,52.8,53.9,16.0,16.0,17.8,17.6,35.4,25.2,69.9,74.8,30.1,25.2,64.6,74.8,16.1,7.2,9.1,11.3,60.2,63.9,46.5,56.0,77.149,76.997,81.352,80.414,2.65,2.524,51.743,42.959,74.3,79.4,1.142,1.115,0.963,1.013,41.282,28.812,0.7182618019081086,0.7182618019081086,0.865,-0.2035323265907379,Tennessee,Round 3 (Sweet Sixteen)
2025,Alabama,Duke,1104,1181,W,W,2.0,1.0,0.473,0.417,0.284,0.122,6.0,1.0,2.0,9.0,4.0,5.0,8.0,3.0,11.0,9.0,19.0,16.0,0.0,0.0,99.92,99.97,127.6,128.5,96.4,91.3,0.9621,0.9807,47.9,44.5,40.1,32.1,33.9,25.4,59.7,58.0,48.8,43.4,35.0,37.7,30.8,30.9,9.8,9.6,2.0,2.0,74.9404,65.803,29.9064,38.1518,56.3,57.4,16.7,14.4,13.5,17.7,34.7,35.2,70.8,73.5,29.2,26.5,65.3,64.8,10.1,10.6,12.2,9.7,54.1,58.1,43.8,51.4,78.074,79.763,82.581,82.221,1.819,0.968,58.572,80.734,71.6,78.4,1.187,1.242,1.06,0.93,46.471,30.63,0.3453807134515917,0.6546192865484083,0.68,-0.03426814411874224,Duke,Round 4 (Elite Eight)
2025,Auburn,North Carolina,1120,1314,Y,Y,1.0,11.0,0.525,0.189,0.259,0.162,2.0,36.0,1.0,70.0,1.0,42.0,5.0,43.0,15.0,1.0,22.0,9.0,0.0,1.0,99.95,38.11,129.0,118.8,93.7,99.8,0.9756,0.8814,46.0,49.6,33.5,34.8,39.2,30.0,56.1,54.9,47.2,49.2,36.8,35.3,29.2,33.5,12.5,1.4,4.0,4.0,67.6684,70.5124,35.0385,19.5367,55.7,54.2,13.4,15.1,17.4,15.2,34.3,29.2,69.7,72.9,30.3,27.1,65.7,70.8,16.5,9.7,7.5,10.5,55.5,51.0,40.2,47.5,78.431,76.417,81.057,79.98,2.573,1.623,34.433,87.298,74.0,73.7,1.213,1.134,1.007,1.052,45.564,35.154,0.7246463570152908,0.7246463570152908,0.932,-0.2909694834105206,North Carolina,Round 4 (Elite Eight)
2025,Florida,Texas Tech,1196,1403,Z,Z,1.0,3.0,0.46,0.298,0.186,0.124,3.0,7.0,4.0,15.0,3.0,11.0,2.0,20.0,11.0,9.0,20.0,13.0,0.0,0.0,99.95,99.83,127.7,126.0,94.0,96.7,0.9713,0.9546,45.3,48.0,32.6,29.7,33.0,33.5,56.4,54.3,45.9,48.2,35.5,37.9,29.6,31.7,11.1,5.8,3.0,3.0,69.5912,65.4879,35.8258,28.0555,55.0,55.5,15.0,14.8,17.0,17.4,38.1,34.3,71.2,71.5,28.8,28.5,61.9,65.7,12.3,8.1,8.6,8.0,52.4,58.5,46.4,45.0,78.018,76.407,82.097,79.854,1.887,1.972,28.619,36.947,71.8,76.4,1.206,1.2,0.977,1.002,37.75,35.224,0.5687373963235502,0.5687373963235502,0.768,-0.26949600379829275,Texas Tech,Round 4 (Elite Eight)
2025,Purdue,Tennessee,1345,1397,X,X,4.0,2.0,0.332,0.416,0.234,0.22,19.0,5.0,20.0,5.0,23.0,6.0,36.0,7.0,7.0,11.0,16.0,16.0,0.0,0.0,98.94,99.91,125.0,119.3,100.0,91.1,0.9289,0.957,52.0,44.4,34.6,35.4,31.0,29.4,55.5,54.1,56.4,46.7,38.5,34.0,30.7,27.8,4.3,9.3,1.0,1.0,65.0357,63.6241,23.8002,31.4386,56.3,52.8,15.6,16.0,17.8,17.8,31.0,35.4,70.1,69.9,29.9,30.1,69.0,64.6,5.3,16.1,8.8,9.1,57.7,60.2,58.0,46.5,77.045,77.149,80.639,81.352,1.484,2.65,73.946,51.743,73.0,74.3,1.17,1.142,1.068,0.963,38.46,41.282,0.4698246816771493,0.5301753183228507,0.68,-0.2009228703509352,Tennessee,Round 4 (Elite Eight)
2025,Duke,Tennessee,1181,1397,W,X,1.0,2.0,0.417,0.416,0.122,0.22,1.0,5.0,9.0,5.0,5.0,6.0,3.0,7.0,9.0,11.0,16.0,16.0,0.0,0.0,99.97,99.91,128.5,119.3,91.3,91.1,0.9807,0.957,44.5,44.4,32.1,35.4,25.4,29.4,58.0,54.1,43.4,46.7,37.7,34.0,30.9,27.8,9.6,9.3,2.0,1.0,65.803,63.6241,38.1518,31.4386,57.4,52.8,14.4,16.0,17.7,17.8,35.2,35.4,73.5,69.9,26.5,30.1,64.8,64.6,10.6,16.1,9.7,9.1,58.1,60.2,51.4,46.5,79.763,77.149,82.221,81.352,0.968,2.65,80.734,51.743,78.4,74.3,1.242,1.142,0.93,0.963,30.63,41.282,0.689767703315886,0.689767703315886,0.68,0.013224561805456392,Duke,Final Four
2025,North Carolina,Texas Tech,1314,1403,Y,Z,11.0,3.0,0.189,0.298,0.162,0.124,36.0,7.0,70.0,15.0,42.0,11.0,43.0,20.0,1.0,9.0,9.0,13.0,1.0,0.0,38.11,99.83,118.8,126.0,99.8,96.7,0.8814,0.9546,49.6,48.0,34.8,29.7,30.0,33.5,54.9,54.3,49.2,48.2,35.3,37.9,33.5,31.7,1.4,5.8,4.0,3.0,70.5124,65.4879,19.5367,28.0555,54.2,55.5,15.1,14.8,15.2,17.4,29.2,34.3,72.9,71.5,27.1,28.5,70.8,65.7,9.7,8.1,10.5,8.0,51.0,58.5,47.5,45.0,76.417,76.407,79.98,79.854,1.623,1.972,87.298,36.947,73.7,76.4,1.134,1.2,1.052,1.002,35.154,35.224,0.22623428569218207,0.7737657143078179,0.805,-0.0432575144637421,Texas Tech,Final Four
2025,Duke,Texas Tech,1181,1403,W,Z,1.0,3.0,0.417,0.298,0.122,0.124,1.0,7.0,9.0,15.0,5.0,11.0,3.0,20.0,9.0,9.0,16.0,13.0,0.0,0.0,99.97,99.83,128.5,126.0,91.3,96.7,0.9807,0.9546,44.5,48.0,32.1,29.7,25.4,33.5,58.0,54.3,43.4,48.2,37.7,37.9,30.9,31.7,9.6,5.8,2.0,3.0,65.803,65.4879,38.1518,28.0555,57.4,55.5,14.4,14.8,17.7,17.4,35.2,34.3,73.5,71.5,26.5,28.5,64.8,65.7,10.6,8.1,9.7,8.0,58.1,58.5,51.4,45.0,79.763,76.407,82.221,79.854,0.968,1.972,80.734,36.947,78.4,76.4,1.242,1.2,0.93,1.002,30.63,35.224,0.6420592784234261,0.6420592784234261,0.768,-0.1712283642860975,Duke,Championship
